Real Sto Return,Env Steps,Real Det Return,Iteration,q,clip,folder,episode,environment,seed
142.35,0,119.8,0,,,logs/Hopper-v5/exp-16/sqil/2025_01_12_08_51_46_seed0,0,Hopper-v5,0
182.71,5000,180.84,1,,,logs/Hopper-v5/exp-16/sqil/2025_01_12_08_51_46_seed0,5000,Hopper-v5,0
335.52,10000,346.66,2,,,logs/Hopper-v5/exp-16/sqil/2025_01_12_08_51_46_seed0,10000,Hopper-v5,0
165.03,15000,169.46,3,,,logs/Hopper-v5/exp-16/sqil/2025_01_12_08_51_46_seed0,15000,Hopper-v5,0
333.63,20000,344.79,4,,,logs/Hopper-v5/exp-16/sqil/2025_01_12_08_51_46_seed0,20000,Hopper-v5,0
271.72,25000,380.97,5,,,logs/Hopper-v5/exp-16/sqil/2025_01_12_08_51_46_seed0,25000,Hopper-v5,0
359.09,30000,386.49,6,,,logs/Hopper-v5/exp-16/sqil/2025_01_12_08_51_46_seed0,30000,Hopper-v5,0
372.72,35000,411.57,7,,,logs/Hopper-v5/exp-16/sqil/2025_01_12_08_51_46_seed0,35000,Hopper-v5,0
403.54,40000,407.76,8,,,logs/Hopper-v5/exp-16/sqil/2025_01_12_08_51_46_seed0,40000,Hopper-v5,0
734.34,45000,771.57,9,,,logs/Hopper-v5/exp-16/sqil/2025_01_12_08_51_46_seed0,45000,Hopper-v5,0
887.56,50000,837.81,10,,,logs/Hopper-v5/exp-16/sqil/2025_01_12_08_51_46_seed0,50000,Hopper-v5,0
479.92,55000,422.11,11,,,logs/Hopper-v5/exp-16/sqil/2025_01_12_08_51_46_seed0,55000,Hopper-v5,0
491.28,60000,495.75,12,,,logs/Hopper-v5/exp-16/sqil/2025_01_12_08_51_46_seed0,60000,Hopper-v5,0
618.33,65000,645.34,13,,,logs/Hopper-v5/exp-16/sqil/2025_01_12_08_51_46_seed0,65000,Hopper-v5,0
515.41,70000,440.28,14,,,logs/Hopper-v5/exp-16/sqil/2025_01_12_08_51_46_seed0,70000,Hopper-v5,0
929.49,75000,959.18,15,,,logs/Hopper-v5/exp-16/sqil/2025_01_12_08_51_46_seed0,75000,Hopper-v5,0
583.56,80000,522.08,16,,,logs/Hopper-v5/exp-16/sqil/2025_01_12_08_51_46_seed0,80000,Hopper-v5,0
1077.87,85000,1399.61,17,,,logs/Hopper-v5/exp-16/sqil/2025_01_12_08_51_46_seed0,85000,Hopper-v5,0
891.49,90000,901.75,18,,,logs/Hopper-v5/exp-16/sqil/2025_01_12_08_51_46_seed0,90000,Hopper-v5,0
759.34,95000,780.94,19,,,logs/Hopper-v5/exp-16/sqil/2025_01_12_08_51_46_seed0,95000,Hopper-v5,0
751.35,100000,758.49,20,,,logs/Hopper-v5/exp-16/sqil/2025_01_12_08_51_46_seed0,100000,Hopper-v5,0
988.15,105000,761.4,21,,,logs/Hopper-v5/exp-16/sqil/2025_01_12_08_51_46_seed0,105000,Hopper-v5,0
815.67,110000,919.98,22,,,logs/Hopper-v5/exp-16/sqil/2025_01_12_08_51_46_seed0,110000,Hopper-v5,0
820.15,115000,984.71,23,,,logs/Hopper-v5/exp-16/sqil/2025_01_12_08_51_46_seed0,115000,Hopper-v5,0
813.27,120000,775.43,24,,,logs/Hopper-v5/exp-16/sqil/2025_01_12_08_51_46_seed0,120000,Hopper-v5,0
819.9,125000,740.07,25,,,logs/Hopper-v5/exp-16/sqil/2025_01_12_08_51_46_seed0,125000,Hopper-v5,0
875.18,130000,926.34,26,,,logs/Hopper-v5/exp-16/sqil/2025_01_12_08_51_46_seed0,130000,Hopper-v5,0
846.08,135000,938.12,27,,,logs/Hopper-v5/exp-16/sqil/2025_01_12_08_51_46_seed0,135000,Hopper-v5,0
798.59,140000,845.83,28,,,logs/Hopper-v5/exp-16/sqil/2025_01_12_08_51_46_seed0,140000,Hopper-v5,0
715.42,145000,763.47,29,,,logs/Hopper-v5/exp-16/sqil/2025_01_12_08_51_46_seed0,145000,Hopper-v5,0
720.86,150000,840.51,30,,,logs/Hopper-v5/exp-16/sqil/2025_01_12_08_51_46_seed0,150000,Hopper-v5,0
678.18,155000,748.71,31,,,logs/Hopper-v5/exp-16/sqil/2025_01_12_08_51_46_seed0,155000,Hopper-v5,0
948.38,160000,923.74,32,,,logs/Hopper-v5/exp-16/sqil/2025_01_12_08_51_46_seed0,160000,Hopper-v5,0
1003.61,165000,1142.61,33,,,logs/Hopper-v5/exp-16/sqil/2025_01_12_08_51_46_seed0,165000,Hopper-v5,0
802.53,170000,859.58,34,,,logs/Hopper-v5/exp-16/sqil/2025_01_12_08_51_46_seed0,170000,Hopper-v5,0
1029.28,175000,1048.28,35,,,logs/Hopper-v5/exp-16/sqil/2025_01_12_08_51_46_seed0,175000,Hopper-v5,0
887.28,180000,1531.73,36,,,logs/Hopper-v5/exp-16/sqil/2025_01_12_08_51_46_seed0,180000,Hopper-v5,0
1682.87,185000,1171.71,37,,,logs/Hopper-v5/exp-16/sqil/2025_01_12_08_51_46_seed0,185000,Hopper-v5,0
965.05,190000,908.78,38,,,logs/Hopper-v5/exp-16/sqil/2025_01_12_08_51_46_seed0,190000,Hopper-v5,0
713.22,195000,707.43,39,,,logs/Hopper-v5/exp-16/sqil/2025_01_12_08_51_46_seed0,195000,Hopper-v5,0
896.63,200000,924.6,40,,,logs/Hopper-v5/exp-16/sqil/2025_01_12_08_51_46_seed0,200000,Hopper-v5,0
824.84,205000,852.99,41,,,logs/Hopper-v5/exp-16/sqil/2025_01_12_08_51_46_seed0,205000,Hopper-v5,0
890.44,210000,879.0,42,,,logs/Hopper-v5/exp-16/sqil/2025_01_12_08_51_46_seed0,210000,Hopper-v5,0
1268.06,215000,1601.58,43,,,logs/Hopper-v5/exp-16/sqil/2025_01_12_08_51_46_seed0,215000,Hopper-v5,0
965.05,220000,1551.47,44,,,logs/Hopper-v5/exp-16/sqil/2025_01_12_08_51_46_seed0,220000,Hopper-v5,0
845.45,225000,1338.44,45,,,logs/Hopper-v5/exp-16/sqil/2025_01_12_08_51_46_seed0,225000,Hopper-v5,0
923.01,230000,1190.1,46,,,logs/Hopper-v5/exp-16/sqil/2025_01_12_08_51_46_seed0,230000,Hopper-v5,0
1733.49,235000,3104.21,47,,,logs/Hopper-v5/exp-16/sqil/2025_01_12_08_51_46_seed0,235000,Hopper-v5,0
940.59,240000,891.73,48,,,logs/Hopper-v5/exp-16/sqil/2025_01_12_08_51_46_seed0,240000,Hopper-v5,0
872.19,245000,878.58,49,,,logs/Hopper-v5/exp-16/sqil/2025_01_12_08_51_46_seed0,245000,Hopper-v5,0
952.73,250000,1010.12,50,,,logs/Hopper-v5/exp-16/sqil/2025_01_12_08_51_46_seed0,250000,Hopper-v5,0
939.19,255000,864.63,51,,,logs/Hopper-v5/exp-16/sqil/2025_01_12_08_51_46_seed0,255000,Hopper-v5,0
1060.94,260000,969.59,52,,,logs/Hopper-v5/exp-16/sqil/2025_01_12_08_51_46_seed0,260000,Hopper-v5,0
1326.53,265000,1284.75,53,,,logs/Hopper-v5/exp-16/sqil/2025_01_12_08_51_46_seed0,265000,Hopper-v5,0
1081.24,270000,954.42,54,,,logs/Hopper-v5/exp-16/sqil/2025_01_12_08_51_46_seed0,270000,Hopper-v5,0
1127.41,275000,972.01,55,,,logs/Hopper-v5/exp-16/sqil/2025_01_12_08_51_46_seed0,275000,Hopper-v5,0
1337.43,280000,1058.09,56,,,logs/Hopper-v5/exp-16/sqil/2025_01_12_08_51_46_seed0,280000,Hopper-v5,0
1258.92,285000,1165.14,57,,,logs/Hopper-v5/exp-16/sqil/2025_01_12_08_51_46_seed0,285000,Hopper-v5,0
915.32,290000,940.24,58,,,logs/Hopper-v5/exp-16/sqil/2025_01_12_08_51_46_seed0,290000,Hopper-v5,0
918.43,295000,930.88,59,,,logs/Hopper-v5/exp-16/sqil/2025_01_12_08_51_46_seed0,295000,Hopper-v5,0
1912.37,300000,1423.64,60,,,logs/Hopper-v5/exp-16/sqil/2025_01_12_08_51_46_seed0,300000,Hopper-v5,0
1420.64,305000,1213.21,61,,,logs/Hopper-v5/exp-16/sqil/2025_01_12_08_51_46_seed0,305000,Hopper-v5,0
928.17,310000,974.74,62,,,logs/Hopper-v5/exp-16/sqil/2025_01_12_08_51_46_seed0,310000,Hopper-v5,0
1363.26,315000,1829.47,63,,,logs/Hopper-v5/exp-16/sqil/2025_01_12_08_51_46_seed0,315000,Hopper-v5,0
952.47,320000,1116.01,64,,,logs/Hopper-v5/exp-16/sqil/2025_01_12_08_51_46_seed0,320000,Hopper-v5,0
995.21,325000,970.56,65,,,logs/Hopper-v5/exp-16/sqil/2025_01_12_08_51_46_seed0,325000,Hopper-v5,0
1009.33,330000,1314.65,66,,,logs/Hopper-v5/exp-16/sqil/2025_01_12_08_51_46_seed0,330000,Hopper-v5,0
899.04,335000,849.51,67,,,logs/Hopper-v5/exp-16/sqil/2025_01_12_08_51_46_seed0,335000,Hopper-v5,0
1162.18,340000,934.33,68,,,logs/Hopper-v5/exp-16/sqil/2025_01_12_08_51_46_seed0,340000,Hopper-v5,0
1178.54,345000,1142.69,69,,,logs/Hopper-v5/exp-16/sqil/2025_01_12_08_51_46_seed0,345000,Hopper-v5,0
915.31,350000,813.46,70,,,logs/Hopper-v5/exp-16/sqil/2025_01_12_08_51_46_seed0,350000,Hopper-v5,0
832.56,355000,903.9,71,,,logs/Hopper-v5/exp-16/sqil/2025_01_12_08_51_46_seed0,355000,Hopper-v5,0
968.08,360000,1328.64,72,,,logs/Hopper-v5/exp-16/sqil/2025_01_12_08_51_46_seed0,360000,Hopper-v5,0
887.36,365000,1065.44,73,,,logs/Hopper-v5/exp-16/sqil/2025_01_12_08_51_46_seed0,365000,Hopper-v5,0
1370.35,370000,813.32,74,,,logs/Hopper-v5/exp-16/sqil/2025_01_12_08_51_46_seed0,370000,Hopper-v5,0
987.56,375000,564.94,75,,,logs/Hopper-v5/exp-16/sqil/2025_01_12_08_51_46_seed0,375000,Hopper-v5,0
1102.61,380000,1114.35,76,,,logs/Hopper-v5/exp-16/sqil/2025_01_12_08_51_46_seed0,380000,Hopper-v5,0
999.93,385000,903.1,77,,,logs/Hopper-v5/exp-16/sqil/2025_01_12_08_51_46_seed0,385000,Hopper-v5,0
1161.41,390000,717.86,78,,,logs/Hopper-v5/exp-16/sqil/2025_01_12_08_51_46_seed0,390000,Hopper-v5,0
894.87,395000,1006.25,79,,,logs/Hopper-v5/exp-16/sqil/2025_01_12_08_51_46_seed0,395000,Hopper-v5,0
1357.69,400000,641.11,80,,,logs/Hopper-v5/exp-16/sqil/2025_01_12_08_51_46_seed0,400000,Hopper-v5,0
976.96,405000,693.17,81,,,logs/Hopper-v5/exp-16/sqil/2025_01_12_08_51_46_seed0,405000,Hopper-v5,0
1060.17,410000,774.6,82,,,logs/Hopper-v5/exp-16/sqil/2025_01_12_08_51_46_seed0,410000,Hopper-v5,0
1058.23,415000,656.66,83,,,logs/Hopper-v5/exp-16/sqil/2025_01_12_08_51_46_seed0,415000,Hopper-v5,0
1163.3,420000,1052.16,84,,,logs/Hopper-v5/exp-16/sqil/2025_01_12_08_51_46_seed0,420000,Hopper-v5,0
916.95,425000,592.75,85,,,logs/Hopper-v5/exp-16/sqil/2025_01_12_08_51_46_seed0,425000,Hopper-v5,0
859.82,430000,941.59,86,,,logs/Hopper-v5/exp-16/sqil/2025_01_12_08_51_46_seed0,430000,Hopper-v5,0
1109.8,435000,1348.32,87,,,logs/Hopper-v5/exp-16/sqil/2025_01_12_08_51_46_seed0,435000,Hopper-v5,0
745.95,440000,946.94,88,,,logs/Hopper-v5/exp-16/sqil/2025_01_12_08_51_46_seed0,440000,Hopper-v5,0
917.21,445000,938.94,89,,,logs/Hopper-v5/exp-16/sqil/2025_01_12_08_51_46_seed0,445000,Hopper-v5,0
1982.3,450000,884.06,90,,,logs/Hopper-v5/exp-16/sqil/2025_01_12_08_51_46_seed0,450000,Hopper-v5,0
1125.41,455000,749.8,91,,,logs/Hopper-v5/exp-16/sqil/2025_01_12_08_51_46_seed0,455000,Hopper-v5,0
1629.24,460000,782.08,92,,,logs/Hopper-v5/exp-16/sqil/2025_01_12_08_51_46_seed0,460000,Hopper-v5,0
1881.75,465000,3063.63,93,,,logs/Hopper-v5/exp-16/sqil/2025_01_12_08_51_46_seed0,465000,Hopper-v5,0
1057.53,470000,964.82,94,,,logs/Hopper-v5/exp-16/sqil/2025_01_12_08_51_46_seed0,470000,Hopper-v5,0
1083.54,475000,907.32,95,,,logs/Hopper-v5/exp-16/sqil/2025_01_12_08_51_46_seed0,475000,Hopper-v5,0
1223.48,480000,2131.67,96,,,logs/Hopper-v5/exp-16/sqil/2025_01_12_08_51_46_seed0,480000,Hopper-v5,0
1405.95,485000,3123.21,97,,,logs/Hopper-v5/exp-16/sqil/2025_01_12_08_51_46_seed0,485000,Hopper-v5,0
1192.69,490000,3107.06,98,,,logs/Hopper-v5/exp-16/sqil/2025_01_12_08_51_46_seed0,490000,Hopper-v5,0
920.27,495000,1314.93,99,,,logs/Hopper-v5/exp-16/sqil/2025_01_12_08_51_46_seed0,495000,Hopper-v5,0
1800.77,500000,2593.25,100,,,logs/Hopper-v5/exp-16/sqil/2025_01_12_08_51_46_seed0,500000,Hopper-v5,0
1227.52,505000,1965.07,101,,,logs/Hopper-v5/exp-16/sqil/2025_01_12_08_51_46_seed0,505000,Hopper-v5,0
1298.86,510000,1539.2,102,,,logs/Hopper-v5/exp-16/sqil/2025_01_12_08_51_46_seed0,510000,Hopper-v5,0
1068.24,515000,2598.55,103,,,logs/Hopper-v5/exp-16/sqil/2025_01_12_08_51_46_seed0,515000,Hopper-v5,0
1456.53,520000,1576.79,104,,,logs/Hopper-v5/exp-16/sqil/2025_01_12_08_51_46_seed0,520000,Hopper-v5,0
2056.52,525000,3098.47,105,,,logs/Hopper-v5/exp-16/sqil/2025_01_12_08_51_46_seed0,525000,Hopper-v5,0
818.99,530000,2863.7,106,,,logs/Hopper-v5/exp-16/sqil/2025_01_12_08_51_46_seed0,530000,Hopper-v5,0
977.67,535000,2079.73,107,,,logs/Hopper-v5/exp-16/sqil/2025_01_12_08_51_46_seed0,535000,Hopper-v5,0
1050.53,540000,1236.32,108,,,logs/Hopper-v5/exp-16/sqil/2025_01_12_08_51_46_seed0,540000,Hopper-v5,0
972.07,545000,1504.05,109,,,logs/Hopper-v5/exp-16/sqil/2025_01_12_08_51_46_seed0,545000,Hopper-v5,0
1040.9,550000,2815.68,110,,,logs/Hopper-v5/exp-16/sqil/2025_01_12_08_51_46_seed0,550000,Hopper-v5,0
3001.12,555000,1843.56,111,,,logs/Hopper-v5/exp-16/sqil/2025_01_12_08_51_46_seed0,555000,Hopper-v5,0
1005.35,560000,3297.49,112,,,logs/Hopper-v5/exp-16/sqil/2025_01_12_08_51_46_seed0,560000,Hopper-v5,0
905.14,565000,1097.23,113,,,logs/Hopper-v5/exp-16/sqil/2025_01_12_08_51_46_seed0,565000,Hopper-v5,0
1079.52,570000,2926.65,114,,,logs/Hopper-v5/exp-16/sqil/2025_01_12_08_51_46_seed0,570000,Hopper-v5,0
1127.08,575000,2478.42,115,,,logs/Hopper-v5/exp-16/sqil/2025_01_12_08_51_46_seed0,575000,Hopper-v5,0
1200.98,580000,1336.92,116,,,logs/Hopper-v5/exp-16/sqil/2025_01_12_08_51_46_seed0,580000,Hopper-v5,0
2217.57,585000,3153.74,117,,,logs/Hopper-v5/exp-16/sqil/2025_01_12_08_51_46_seed0,585000,Hopper-v5,0
910.43,590000,933.36,118,,,logs/Hopper-v5/exp-16/sqil/2025_01_12_08_51_46_seed0,590000,Hopper-v5,0
1002.53,595000,2114.82,119,,,logs/Hopper-v5/exp-16/sqil/2025_01_12_08_51_46_seed0,595000,Hopper-v5,0
1279.27,600000,3214.76,120,,,logs/Hopper-v5/exp-16/sqil/2025_01_12_08_51_46_seed0,600000,Hopper-v5,0
835.61,605000,1473.29,121,,,logs/Hopper-v5/exp-16/sqil/2025_01_12_08_51_46_seed0,605000,Hopper-v5,0
927.85,610000,1277.19,122,,,logs/Hopper-v5/exp-16/sqil/2025_01_12_08_51_46_seed0,610000,Hopper-v5,0
1120.36,615000,1443.74,123,,,logs/Hopper-v5/exp-16/sqil/2025_01_12_08_51_46_seed0,615000,Hopper-v5,0
1016.87,620000,2237.66,124,,,logs/Hopper-v5/exp-16/sqil/2025_01_12_08_51_46_seed0,620000,Hopper-v5,0
1001.46,625000,1093.96,125,,,logs/Hopper-v5/exp-16/sqil/2025_01_12_08_51_46_seed0,625000,Hopper-v5,0
993.42,630000,2651.05,126,,,logs/Hopper-v5/exp-16/sqil/2025_01_12_08_51_46_seed0,630000,Hopper-v5,0
1128.33,635000,1492.16,127,,,logs/Hopper-v5/exp-16/sqil/2025_01_12_08_51_46_seed0,635000,Hopper-v5,0
1577.48,640000,2516.03,128,,,logs/Hopper-v5/exp-16/sqil/2025_01_12_08_51_46_seed0,640000,Hopper-v5,0
1641.91,645000,2965.31,129,,,logs/Hopper-v5/exp-16/sqil/2025_01_12_08_51_46_seed0,645000,Hopper-v5,0
1582.95,650000,2600.7,130,,,logs/Hopper-v5/exp-16/sqil/2025_01_12_08_51_46_seed0,650000,Hopper-v5,0
1935.93,655000,2888.06,131,,,logs/Hopper-v5/exp-16/sqil/2025_01_12_08_51_46_seed0,655000,Hopper-v5,0
1313.24,660000,2863.9,132,,,logs/Hopper-v5/exp-16/sqil/2025_01_12_08_51_46_seed0,660000,Hopper-v5,0
1234.91,665000,1754.14,133,,,logs/Hopper-v5/exp-16/sqil/2025_01_12_08_51_46_seed0,665000,Hopper-v5,0
1121.74,670000,1498.22,134,,,logs/Hopper-v5/exp-16/sqil/2025_01_12_08_51_46_seed0,670000,Hopper-v5,0
1279.82,675000,2436.59,135,,,logs/Hopper-v5/exp-16/sqil/2025_01_12_08_51_46_seed0,675000,Hopper-v5,0
946.25,680000,1373.77,136,,,logs/Hopper-v5/exp-16/sqil/2025_01_12_08_51_46_seed0,680000,Hopper-v5,0
1005.19,685000,1359.63,137,,,logs/Hopper-v5/exp-16/sqil/2025_01_12_08_51_46_seed0,685000,Hopper-v5,0
1023.05,690000,1150.44,138,,,logs/Hopper-v5/exp-16/sqil/2025_01_12_08_51_46_seed0,690000,Hopper-v5,0
1256.34,695000,3030.55,139,,,logs/Hopper-v5/exp-16/sqil/2025_01_12_08_51_46_seed0,695000,Hopper-v5,0
1010.91,700000,1149.45,140,,,logs/Hopper-v5/exp-16/sqil/2025_01_12_08_51_46_seed0,700000,Hopper-v5,0
1241.41,705000,3307.0,141,,,logs/Hopper-v5/exp-16/sqil/2025_01_12_08_51_46_seed0,705000,Hopper-v5,0
1410.72,710000,1536.12,142,,,logs/Hopper-v5/exp-16/sqil/2025_01_12_08_51_46_seed0,710000,Hopper-v5,0
1084.69,715000,1101.67,143,,,logs/Hopper-v5/exp-16/sqil/2025_01_12_08_51_46_seed0,715000,Hopper-v5,0
1185.13,720000,927.54,144,,,logs/Hopper-v5/exp-16/sqil/2025_01_12_08_51_46_seed0,720000,Hopper-v5,0
997.06,725000,1188.06,145,,,logs/Hopper-v5/exp-16/sqil/2025_01_12_08_51_46_seed0,725000,Hopper-v5,0
962.52,730000,978.14,146,,,logs/Hopper-v5/exp-16/sqil/2025_01_12_08_51_46_seed0,730000,Hopper-v5,0
1372.06,735000,3225.68,147,,,logs/Hopper-v5/exp-16/sqil/2025_01_12_08_51_46_seed0,735000,Hopper-v5,0
1343.06,740000,3107.92,148,,,logs/Hopper-v5/exp-16/sqil/2025_01_12_08_51_46_seed0,740000,Hopper-v5,0
1137.88,745000,1189.91,149,,,logs/Hopper-v5/exp-16/sqil/2025_01_12_08_51_46_seed0,745000,Hopper-v5,0
1051.1,750000,1368.3,150,,,logs/Hopper-v5/exp-16/sqil/2025_01_12_08_51_46_seed0,750000,Hopper-v5,0
859.11,755000,1176.74,151,,,logs/Hopper-v5/exp-16/sqil/2025_01_12_08_51_46_seed0,755000,Hopper-v5,0
1373.01,760000,3213.29,152,,,logs/Hopper-v5/exp-16/sqil/2025_01_12_08_51_46_seed0,760000,Hopper-v5,0
1532.76,765000,3233.53,153,,,logs/Hopper-v5/exp-16/sqil/2025_01_12_08_51_46_seed0,765000,Hopper-v5,0
1022.25,770000,1347.9,154,,,logs/Hopper-v5/exp-16/sqil/2025_01_12_08_51_46_seed0,770000,Hopper-v5,0
1152.36,775000,3181.86,155,,,logs/Hopper-v5/exp-16/sqil/2025_01_12_08_51_46_seed0,775000,Hopper-v5,0
1171.4,780000,3223.65,156,,,logs/Hopper-v5/exp-16/sqil/2025_01_12_08_51_46_seed0,780000,Hopper-v5,0
1140.52,785000,1577.81,157,,,logs/Hopper-v5/exp-16/sqil/2025_01_12_08_51_46_seed0,785000,Hopper-v5,0
1096.28,790000,1668.67,158,,,logs/Hopper-v5/exp-16/sqil/2025_01_12_08_51_46_seed0,790000,Hopper-v5,0
1056.3,795000,1432.46,159,,,logs/Hopper-v5/exp-16/sqil/2025_01_12_08_51_46_seed0,795000,Hopper-v5,0
964.39,800000,1163.22,160,,,logs/Hopper-v5/exp-16/sqil/2025_01_12_08_51_46_seed0,800000,Hopper-v5,0
971.47,805000,1565.82,161,,,logs/Hopper-v5/exp-16/sqil/2025_01_12_08_51_46_seed0,805000,Hopper-v5,0
1004.57,810000,2287.03,162,,,logs/Hopper-v5/exp-16/sqil/2025_01_12_08_51_46_seed0,810000,Hopper-v5,0
1143.01,815000,2541.92,163,,,logs/Hopper-v5/exp-16/sqil/2025_01_12_08_51_46_seed0,815000,Hopper-v5,0
1019.75,820000,1309.74,164,,,logs/Hopper-v5/exp-16/sqil/2025_01_12_08_51_46_seed0,820000,Hopper-v5,0
1065.5,825000,1705.92,165,,,logs/Hopper-v5/exp-16/sqil/2025_01_12_08_51_46_seed0,825000,Hopper-v5,0
1725.34,830000,3315.74,166,,,logs/Hopper-v5/exp-16/sqil/2025_01_12_08_51_46_seed0,830000,Hopper-v5,0
979.49,835000,1015.12,167,,,logs/Hopper-v5/exp-16/sqil/2025_01_12_08_51_46_seed0,835000,Hopper-v5,0
790.77,840000,903.81,168,,,logs/Hopper-v5/exp-16/sqil/2025_01_12_08_51_46_seed0,840000,Hopper-v5,0
906.62,845000,1129.29,169,,,logs/Hopper-v5/exp-16/sqil/2025_01_12_08_51_46_seed0,845000,Hopper-v5,0
1174.48,850000,2981.33,170,,,logs/Hopper-v5/exp-16/sqil/2025_01_12_08_51_46_seed0,850000,Hopper-v5,0
944.89,855000,1796.73,171,,,logs/Hopper-v5/exp-16/sqil/2025_01_12_08_51_46_seed0,855000,Hopper-v5,0
1058.69,860000,1358.67,172,,,logs/Hopper-v5/exp-16/sqil/2025_01_12_08_51_46_seed0,860000,Hopper-v5,0
857.79,865000,1120.05,173,,,logs/Hopper-v5/exp-16/sqil/2025_01_12_08_51_46_seed0,865000,Hopper-v5,0
950.24,870000,1247.37,174,,,logs/Hopper-v5/exp-16/sqil/2025_01_12_08_51_46_seed0,870000,Hopper-v5,0
1491.87,875000,2747.41,175,,,logs/Hopper-v5/exp-16/sqil/2025_01_12_08_51_46_seed0,875000,Hopper-v5,0
987.05,880000,1267.4,176,,,logs/Hopper-v5/exp-16/sqil/2025_01_12_08_51_46_seed0,880000,Hopper-v5,0
954.03,885000,1020.09,177,,,logs/Hopper-v5/exp-16/sqil/2025_01_12_08_51_46_seed0,885000,Hopper-v5,0
1043.86,890000,1406.43,178,,,logs/Hopper-v5/exp-16/sqil/2025_01_12_08_51_46_seed0,890000,Hopper-v5,0
1080.42,895000,2638.79,179,,,logs/Hopper-v5/exp-16/sqil/2025_01_12_08_51_46_seed0,895000,Hopper-v5,0
787.88,900000,943.84,180,,,logs/Hopper-v5/exp-16/sqil/2025_01_12_08_51_46_seed0,900000,Hopper-v5,0
1193.87,905000,1522.26,181,,,logs/Hopper-v5/exp-16/sqil/2025_01_12_08_51_46_seed0,905000,Hopper-v5,0
922.82,910000,1109.76,182,,,logs/Hopper-v5/exp-16/sqil/2025_01_12_08_51_46_seed0,910000,Hopper-v5,0
1374.33,915000,3171.02,183,,,logs/Hopper-v5/exp-16/sqil/2025_01_12_08_51_46_seed0,915000,Hopper-v5,0
2114.83,920000,3247.14,184,,,logs/Hopper-v5/exp-16/sqil/2025_01_12_08_51_46_seed0,920000,Hopper-v5,0
933.33,925000,1215.06,185,,,logs/Hopper-v5/exp-16/sqil/2025_01_12_08_51_46_seed0,925000,Hopper-v5,0
947.51,930000,1098.13,186,,,logs/Hopper-v5/exp-16/sqil/2025_01_12_08_51_46_seed0,930000,Hopper-v5,0
971.4,935000,1277.71,187,,,logs/Hopper-v5/exp-16/sqil/2025_01_12_08_51_46_seed0,935000,Hopper-v5,0
1518.78,940000,3168.64,188,,,logs/Hopper-v5/exp-16/sqil/2025_01_12_08_51_46_seed0,940000,Hopper-v5,0
979.06,945000,2552.1,189,,,logs/Hopper-v5/exp-16/sqil/2025_01_12_08_51_46_seed0,945000,Hopper-v5,0
1016.92,950000,2224.8,190,,,logs/Hopper-v5/exp-16/sqil/2025_01_12_08_51_46_seed0,950000,Hopper-v5,0
1027.83,955000,1246.82,191,,,logs/Hopper-v5/exp-16/sqil/2025_01_12_08_51_46_seed0,955000,Hopper-v5,0
1014.64,960000,1246.62,192,,,logs/Hopper-v5/exp-16/sqil/2025_01_12_08_51_46_seed0,960000,Hopper-v5,0
931.51,965000,1701.11,193,,,logs/Hopper-v5/exp-16/sqil/2025_01_12_08_51_46_seed0,965000,Hopper-v5,0
879.31,970000,1040.73,194,,,logs/Hopper-v5/exp-16/sqil/2025_01_12_08_51_46_seed0,970000,Hopper-v5,0
1169.87,975000,1866.46,195,,,logs/Hopper-v5/exp-16/sqil/2025_01_12_08_51_46_seed0,975000,Hopper-v5,0
1120.81,980000,2296.73,196,,,logs/Hopper-v5/exp-16/sqil/2025_01_12_08_51_46_seed0,980000,Hopper-v5,0
1265.85,985000,3145.23,197,,,logs/Hopper-v5/exp-16/sqil/2025_01_12_08_51_46_seed0,985000,Hopper-v5,0
1035.82,990000,1695.8,198,,,logs/Hopper-v5/exp-16/sqil/2025_01_12_08_51_46_seed0,990000,Hopper-v5,0
1186.45,995000,2807.29,199,,,logs/Hopper-v5/exp-16/sqil/2025_01_12_08_51_46_seed0,995000,Hopper-v5,0
216.17,0,212.84,0,,,logs/Hopper-v5/exp-16/sqil/2025_01_12_08_51_48_seed1,0,Hopper-v5,1
297.45,5000,307.92,1,,,logs/Hopper-v5/exp-16/sqil/2025_01_12_08_51_48_seed1,5000,Hopper-v5,1
250.88,10000,249.92,2,,,logs/Hopper-v5/exp-16/sqil/2025_01_12_08_51_48_seed1,10000,Hopper-v5,1
248.73,15000,267.89,3,,,logs/Hopper-v5/exp-16/sqil/2025_01_12_08_51_48_seed1,15000,Hopper-v5,1
309.85,20000,310.89,4,,,logs/Hopper-v5/exp-16/sqil/2025_01_12_08_51_48_seed1,20000,Hopper-v5,1
468.69,25000,477.58,5,,,logs/Hopper-v5/exp-16/sqil/2025_01_12_08_51_48_seed1,25000,Hopper-v5,1
784.44,30000,973.23,6,,,logs/Hopper-v5/exp-16/sqil/2025_01_12_08_51_48_seed1,30000,Hopper-v5,1
905.01,35000,1267.18,7,,,logs/Hopper-v5/exp-16/sqil/2025_01_12_08_51_48_seed1,35000,Hopper-v5,1
732.6,40000,767.51,8,,,logs/Hopper-v5/exp-16/sqil/2025_01_12_08_51_48_seed1,40000,Hopper-v5,1
673.87,45000,640.77,9,,,logs/Hopper-v5/exp-16/sqil/2025_01_12_08_51_48_seed1,45000,Hopper-v5,1
1167.52,50000,1018.15,10,,,logs/Hopper-v5/exp-16/sqil/2025_01_12_08_51_48_seed1,50000,Hopper-v5,1
884.75,55000,604.43,11,,,logs/Hopper-v5/exp-16/sqil/2025_01_12_08_51_48_seed1,55000,Hopper-v5,1
693.72,60000,707.6,12,,,logs/Hopper-v5/exp-16/sqil/2025_01_12_08_51_48_seed1,60000,Hopper-v5,1
912.36,65000,2815.3,13,,,logs/Hopper-v5/exp-16/sqil/2025_01_12_08_51_48_seed1,65000,Hopper-v5,1
1643.86,70000,2540.73,14,,,logs/Hopper-v5/exp-16/sqil/2025_01_12_08_51_48_seed1,70000,Hopper-v5,1
540.87,75000,499.09,15,,,logs/Hopper-v5/exp-16/sqil/2025_01_12_08_51_48_seed1,75000,Hopper-v5,1
854.1,80000,910.11,16,,,logs/Hopper-v5/exp-16/sqil/2025_01_12_08_51_48_seed1,80000,Hopper-v5,1
838.78,85000,858.14,17,,,logs/Hopper-v5/exp-16/sqil/2025_01_12_08_51_48_seed1,85000,Hopper-v5,1
505.04,90000,466.94,18,,,logs/Hopper-v5/exp-16/sqil/2025_01_12_08_51_48_seed1,90000,Hopper-v5,1
825.7,95000,961.14,19,,,logs/Hopper-v5/exp-16/sqil/2025_01_12_08_51_48_seed1,95000,Hopper-v5,1
1032.92,100000,1163.95,20,,,logs/Hopper-v5/exp-16/sqil/2025_01_12_08_51_48_seed1,100000,Hopper-v5,1
1210.3,105000,3145.26,21,,,logs/Hopper-v5/exp-16/sqil/2025_01_12_08_51_48_seed1,105000,Hopper-v5,1
1457.95,110000,1395.32,22,,,logs/Hopper-v5/exp-16/sqil/2025_01_12_08_51_48_seed1,110000,Hopper-v5,1
2884.03,115000,2779.29,23,,,logs/Hopper-v5/exp-16/sqil/2025_01_12_08_51_48_seed1,115000,Hopper-v5,1
2414.82,120000,3146.02,24,,,logs/Hopper-v5/exp-16/sqil/2025_01_12_08_51_48_seed1,120000,Hopper-v5,1
1907.33,125000,1656.41,25,,,logs/Hopper-v5/exp-16/sqil/2025_01_12_08_51_48_seed1,125000,Hopper-v5,1
821.13,130000,895.43,26,,,logs/Hopper-v5/exp-16/sqil/2025_01_12_08_51_48_seed1,130000,Hopper-v5,1
862.26,135000,901.45,27,,,logs/Hopper-v5/exp-16/sqil/2025_01_12_08_51_48_seed1,135000,Hopper-v5,1
688.1,140000,694.29,28,,,logs/Hopper-v5/exp-16/sqil/2025_01_12_08_51_48_seed1,140000,Hopper-v5,1
594.45,145000,637.09,29,,,logs/Hopper-v5/exp-16/sqil/2025_01_12_08_51_48_seed1,145000,Hopper-v5,1
736.19,150000,842.58,30,,,logs/Hopper-v5/exp-16/sqil/2025_01_12_08_51_48_seed1,150000,Hopper-v5,1
848.07,155000,963.58,31,,,logs/Hopper-v5/exp-16/sqil/2025_01_12_08_51_48_seed1,155000,Hopper-v5,1
827.7,160000,1050.09,32,,,logs/Hopper-v5/exp-16/sqil/2025_01_12_08_51_48_seed1,160000,Hopper-v5,1
668.08,165000,830.95,33,,,logs/Hopper-v5/exp-16/sqil/2025_01_12_08_51_48_seed1,165000,Hopper-v5,1
672.05,170000,747.34,34,,,logs/Hopper-v5/exp-16/sqil/2025_01_12_08_51_48_seed1,170000,Hopper-v5,1
978.3,175000,1268.62,35,,,logs/Hopper-v5/exp-16/sqil/2025_01_12_08_51_48_seed1,175000,Hopper-v5,1
1073.64,180000,2152.23,36,,,logs/Hopper-v5/exp-16/sqil/2025_01_12_08_51_48_seed1,180000,Hopper-v5,1
914.53,185000,1121.97,37,,,logs/Hopper-v5/exp-16/sqil/2025_01_12_08_51_48_seed1,185000,Hopper-v5,1
1043.17,190000,1230.23,38,,,logs/Hopper-v5/exp-16/sqil/2025_01_12_08_51_48_seed1,190000,Hopper-v5,1
870.9,195000,975.34,39,,,logs/Hopper-v5/exp-16/sqil/2025_01_12_08_51_48_seed1,195000,Hopper-v5,1
916.62,200000,1283.57,40,,,logs/Hopper-v5/exp-16/sqil/2025_01_12_08_51_48_seed1,200000,Hopper-v5,1
872.76,205000,2649.32,41,,,logs/Hopper-v5/exp-16/sqil/2025_01_12_08_51_48_seed1,205000,Hopper-v5,1
1021.6,210000,1150.41,42,,,logs/Hopper-v5/exp-16/sqil/2025_01_12_08_51_48_seed1,210000,Hopper-v5,1
861.07,215000,1086.99,43,,,logs/Hopper-v5/exp-16/sqil/2025_01_12_08_51_48_seed1,215000,Hopper-v5,1
1044.34,220000,2576.33,44,,,logs/Hopper-v5/exp-16/sqil/2025_01_12_08_51_48_seed1,220000,Hopper-v5,1
1266.93,225000,3171.17,45,,,logs/Hopper-v5/exp-16/sqil/2025_01_12_08_51_48_seed1,225000,Hopper-v5,1
813.91,230000,995.87,46,,,logs/Hopper-v5/exp-16/sqil/2025_01_12_08_51_48_seed1,230000,Hopper-v5,1
1250.0,235000,2080.32,47,,,logs/Hopper-v5/exp-16/sqil/2025_01_12_08_51_48_seed1,235000,Hopper-v5,1
1546.91,240000,3327.5,48,,,logs/Hopper-v5/exp-16/sqil/2025_01_12_08_51_48_seed1,240000,Hopper-v5,1
1568.57,245000,3103.61,49,,,logs/Hopper-v5/exp-16/sqil/2025_01_12_08_51_48_seed1,245000,Hopper-v5,1
982.62,250000,1777.37,50,,,logs/Hopper-v5/exp-16/sqil/2025_01_12_08_51_48_seed1,250000,Hopper-v5,1
1429.67,255000,3109.08,51,,,logs/Hopper-v5/exp-16/sqil/2025_01_12_08_51_48_seed1,255000,Hopper-v5,1
740.92,260000,751.55,52,,,logs/Hopper-v5/exp-16/sqil/2025_01_12_08_51_48_seed1,260000,Hopper-v5,1
1251.28,265000,3225.32,53,,,logs/Hopper-v5/exp-16/sqil/2025_01_12_08_51_48_seed1,265000,Hopper-v5,1
736.17,270000,1026.27,54,,,logs/Hopper-v5/exp-16/sqil/2025_01_12_08_51_48_seed1,270000,Hopper-v5,1
1528.88,275000,2948.26,55,,,logs/Hopper-v5/exp-16/sqil/2025_01_12_08_51_48_seed1,275000,Hopper-v5,1
1136.06,280000,1249.16,56,,,logs/Hopper-v5/exp-16/sqil/2025_01_12_08_51_48_seed1,280000,Hopper-v5,1
924.13,285000,963.76,57,,,logs/Hopper-v5/exp-16/sqil/2025_01_12_08_51_48_seed1,285000,Hopper-v5,1
2017.09,290000,3159.36,58,,,logs/Hopper-v5/exp-16/sqil/2025_01_12_08_51_48_seed1,290000,Hopper-v5,1
1014.91,295000,1258.66,59,,,logs/Hopper-v5/exp-16/sqil/2025_01_12_08_51_48_seed1,295000,Hopper-v5,1
938.64,300000,1633.42,60,,,logs/Hopper-v5/exp-16/sqil/2025_01_12_08_51_48_seed1,300000,Hopper-v5,1
1126.84,305000,1277.06,61,,,logs/Hopper-v5/exp-16/sqil/2025_01_12_08_51_48_seed1,305000,Hopper-v5,1
955.57,310000,1039.44,62,,,logs/Hopper-v5/exp-16/sqil/2025_01_12_08_51_48_seed1,310000,Hopper-v5,1
897.41,315000,1005.21,63,,,logs/Hopper-v5/exp-16/sqil/2025_01_12_08_51_48_seed1,315000,Hopper-v5,1
789.36,320000,563.91,64,,,logs/Hopper-v5/exp-16/sqil/2025_01_12_08_51_48_seed1,320000,Hopper-v5,1
861.79,325000,798.77,65,,,logs/Hopper-v5/exp-16/sqil/2025_01_12_08_51_48_seed1,325000,Hopper-v5,1
867.33,330000,1028.32,66,,,logs/Hopper-v5/exp-16/sqil/2025_01_12_08_51_48_seed1,330000,Hopper-v5,1
928.17,335000,1235.17,67,,,logs/Hopper-v5/exp-16/sqil/2025_01_12_08_51_48_seed1,335000,Hopper-v5,1
1119.28,340000,1513.74,68,,,logs/Hopper-v5/exp-16/sqil/2025_01_12_08_51_48_seed1,340000,Hopper-v5,1
941.05,345000,586.21,69,,,logs/Hopper-v5/exp-16/sqil/2025_01_12_08_51_48_seed1,345000,Hopper-v5,1
1092.72,350000,1470.76,70,,,logs/Hopper-v5/exp-16/sqil/2025_01_12_08_51_48_seed1,350000,Hopper-v5,1
936.24,355000,1138.64,71,,,logs/Hopper-v5/exp-16/sqil/2025_01_12_08_51_48_seed1,355000,Hopper-v5,1
860.89,360000,608.84,72,,,logs/Hopper-v5/exp-16/sqil/2025_01_12_08_51_48_seed1,360000,Hopper-v5,1
520.05,365000,416.41,73,,,logs/Hopper-v5/exp-16/sqil/2025_01_12_08_51_48_seed1,365000,Hopper-v5,1
915.62,370000,1009.02,74,,,logs/Hopper-v5/exp-16/sqil/2025_01_12_08_51_48_seed1,370000,Hopper-v5,1
719.92,375000,614.65,75,,,logs/Hopper-v5/exp-16/sqil/2025_01_12_08_51_48_seed1,375000,Hopper-v5,1
1043.68,380000,1598.61,76,,,logs/Hopper-v5/exp-16/sqil/2025_01_12_08_51_48_seed1,380000,Hopper-v5,1
799.81,385000,900.39,77,,,logs/Hopper-v5/exp-16/sqil/2025_01_12_08_51_48_seed1,385000,Hopper-v5,1
880.58,390000,982.21,78,,,logs/Hopper-v5/exp-16/sqil/2025_01_12_08_51_48_seed1,390000,Hopper-v5,1
816.51,395000,916.54,79,,,logs/Hopper-v5/exp-16/sqil/2025_01_12_08_51_48_seed1,395000,Hopper-v5,1
1072.12,400000,1647.1,80,,,logs/Hopper-v5/exp-16/sqil/2025_01_12_08_51_48_seed1,400000,Hopper-v5,1
969.29,405000,654.03,81,,,logs/Hopper-v5/exp-16/sqil/2025_01_12_08_51_48_seed1,405000,Hopper-v5,1
902.73,410000,1052.16,82,,,logs/Hopper-v5/exp-16/sqil/2025_01_12_08_51_48_seed1,410000,Hopper-v5,1
766.21,415000,944.06,83,,,logs/Hopper-v5/exp-16/sqil/2025_01_12_08_51_48_seed1,415000,Hopper-v5,1
805.57,420000,957.17,84,,,logs/Hopper-v5/exp-16/sqil/2025_01_12_08_51_48_seed1,420000,Hopper-v5,1
816.89,425000,829.47,85,,,logs/Hopper-v5/exp-16/sqil/2025_01_12_08_51_48_seed1,425000,Hopper-v5,1
901.37,430000,1081.21,86,,,logs/Hopper-v5/exp-16/sqil/2025_01_12_08_51_48_seed1,430000,Hopper-v5,1
1005.76,435000,1223.12,87,,,logs/Hopper-v5/exp-16/sqil/2025_01_12_08_51_48_seed1,435000,Hopper-v5,1
901.46,440000,1024.79,88,,,logs/Hopper-v5/exp-16/sqil/2025_01_12_08_51_48_seed1,440000,Hopper-v5,1
929.22,445000,1129.47,89,,,logs/Hopper-v5/exp-16/sqil/2025_01_12_08_51_48_seed1,445000,Hopper-v5,1
900.1,450000,1057.06,90,,,logs/Hopper-v5/exp-16/sqil/2025_01_12_08_51_48_seed1,450000,Hopper-v5,1
973.84,455000,1122.15,91,,,logs/Hopper-v5/exp-16/sqil/2025_01_12_08_51_48_seed1,455000,Hopper-v5,1
833.36,460000,981.38,92,,,logs/Hopper-v5/exp-16/sqil/2025_01_12_08_51_48_seed1,460000,Hopper-v5,1
915.72,465000,1024.77,93,,,logs/Hopper-v5/exp-16/sqil/2025_01_12_08_51_48_seed1,465000,Hopper-v5,1
885.27,470000,1110.96,94,,,logs/Hopper-v5/exp-16/sqil/2025_01_12_08_51_48_seed1,470000,Hopper-v5,1
951.74,475000,1253.33,95,,,logs/Hopper-v5/exp-16/sqil/2025_01_12_08_51_48_seed1,475000,Hopper-v5,1
970.93,480000,1083.99,96,,,logs/Hopper-v5/exp-16/sqil/2025_01_12_08_51_48_seed1,480000,Hopper-v5,1
915.73,485000,1078.33,97,,,logs/Hopper-v5/exp-16/sqil/2025_01_12_08_51_48_seed1,485000,Hopper-v5,1
903.51,490000,979.06,98,,,logs/Hopper-v5/exp-16/sqil/2025_01_12_08_51_48_seed1,490000,Hopper-v5,1
942.49,495000,1030.28,99,,,logs/Hopper-v5/exp-16/sqil/2025_01_12_08_51_48_seed1,495000,Hopper-v5,1
868.37,500000,974.72,100,,,logs/Hopper-v5/exp-16/sqil/2025_01_12_08_51_48_seed1,500000,Hopper-v5,1
889.33,505000,1032.05,101,,,logs/Hopper-v5/exp-16/sqil/2025_01_12_08_51_48_seed1,505000,Hopper-v5,1
939.35,510000,1140.05,102,,,logs/Hopper-v5/exp-16/sqil/2025_01_12_08_51_48_seed1,510000,Hopper-v5,1
839.27,515000,957.92,103,,,logs/Hopper-v5/exp-16/sqil/2025_01_12_08_51_48_seed1,515000,Hopper-v5,1
887.57,520000,997.15,104,,,logs/Hopper-v5/exp-16/sqil/2025_01_12_08_51_48_seed1,520000,Hopper-v5,1
861.94,525000,997.62,105,,,logs/Hopper-v5/exp-16/sqil/2025_01_12_08_51_48_seed1,525000,Hopper-v5,1
784.29,530000,919.97,106,,,logs/Hopper-v5/exp-16/sqil/2025_01_12_08_51_48_seed1,530000,Hopper-v5,1
740.2,535000,905.25,107,,,logs/Hopper-v5/exp-16/sqil/2025_01_12_08_51_48_seed1,535000,Hopper-v5,1
851.13,540000,994.32,108,,,logs/Hopper-v5/exp-16/sqil/2025_01_12_08_51_48_seed1,540000,Hopper-v5,1
781.2,545000,845.81,109,,,logs/Hopper-v5/exp-16/sqil/2025_01_12_08_51_48_seed1,545000,Hopper-v5,1
1035.29,550000,1149.71,110,,,logs/Hopper-v5/exp-16/sqil/2025_01_12_08_51_48_seed1,550000,Hopper-v5,1
798.62,555000,986.96,111,,,logs/Hopper-v5/exp-16/sqil/2025_01_12_08_51_48_seed1,555000,Hopper-v5,1
929.48,560000,1415.67,112,,,logs/Hopper-v5/exp-16/sqil/2025_01_12_08_51_48_seed1,560000,Hopper-v5,1
763.64,565000,931.2,113,,,logs/Hopper-v5/exp-16/sqil/2025_01_12_08_51_48_seed1,565000,Hopper-v5,1
896.07,570000,1011.8,114,,,logs/Hopper-v5/exp-16/sqil/2025_01_12_08_51_48_seed1,570000,Hopper-v5,1
946.86,575000,1135.7,115,,,logs/Hopper-v5/exp-16/sqil/2025_01_12_08_51_48_seed1,575000,Hopper-v5,1
891.43,580000,997.44,116,,,logs/Hopper-v5/exp-16/sqil/2025_01_12_08_51_48_seed1,580000,Hopper-v5,1
872.95,585000,1160.5,117,,,logs/Hopper-v5/exp-16/sqil/2025_01_12_08_51_48_seed1,585000,Hopper-v5,1
945.74,590000,1188.15,118,,,logs/Hopper-v5/exp-16/sqil/2025_01_12_08_51_48_seed1,590000,Hopper-v5,1
833.63,595000,941.36,119,,,logs/Hopper-v5/exp-16/sqil/2025_01_12_08_51_48_seed1,595000,Hopper-v5,1
974.7,600000,1008.27,120,,,logs/Hopper-v5/exp-16/sqil/2025_01_12_08_51_48_seed1,600000,Hopper-v5,1
1064.23,605000,1568.31,121,,,logs/Hopper-v5/exp-16/sqil/2025_01_12_08_51_48_seed1,605000,Hopper-v5,1
1003.56,610000,1605.9,122,,,logs/Hopper-v5/exp-16/sqil/2025_01_12_08_51_48_seed1,610000,Hopper-v5,1
991.25,615000,1237.56,123,,,logs/Hopper-v5/exp-16/sqil/2025_01_12_08_51_48_seed1,615000,Hopper-v5,1
882.86,620000,997.22,124,,,logs/Hopper-v5/exp-16/sqil/2025_01_12_08_51_48_seed1,620000,Hopper-v5,1
955.01,625000,1362.14,125,,,logs/Hopper-v5/exp-16/sqil/2025_01_12_08_51_48_seed1,625000,Hopper-v5,1
893.5,630000,1116.47,126,,,logs/Hopper-v5/exp-16/sqil/2025_01_12_08_51_48_seed1,630000,Hopper-v5,1
929.43,635000,1122.47,127,,,logs/Hopper-v5/exp-16/sqil/2025_01_12_08_51_48_seed1,635000,Hopper-v5,1
1003.23,640000,1271.07,128,,,logs/Hopper-v5/exp-16/sqil/2025_01_12_08_51_48_seed1,640000,Hopper-v5,1
964.45,645000,1091.99,129,,,logs/Hopper-v5/exp-16/sqil/2025_01_12_08_51_48_seed1,645000,Hopper-v5,1
1053.26,650000,1813.96,130,,,logs/Hopper-v5/exp-16/sqil/2025_01_12_08_51_48_seed1,650000,Hopper-v5,1
751.76,655000,1164.66,131,,,logs/Hopper-v5/exp-16/sqil/2025_01_12_08_51_48_seed1,655000,Hopper-v5,1
1002.74,660000,1105.0,132,,,logs/Hopper-v5/exp-16/sqil/2025_01_12_08_51_48_seed1,660000,Hopper-v5,1
900.88,665000,1120.27,133,,,logs/Hopper-v5/exp-16/sqil/2025_01_12_08_51_48_seed1,665000,Hopper-v5,1
937.73,670000,1182.37,134,,,logs/Hopper-v5/exp-16/sqil/2025_01_12_08_51_48_seed1,670000,Hopper-v5,1
886.14,675000,1175.15,135,,,logs/Hopper-v5/exp-16/sqil/2025_01_12_08_51_48_seed1,675000,Hopper-v5,1
940.65,680000,1119.79,136,,,logs/Hopper-v5/exp-16/sqil/2025_01_12_08_51_48_seed1,680000,Hopper-v5,1
900.09,685000,928.73,137,,,logs/Hopper-v5/exp-16/sqil/2025_01_12_08_51_48_seed1,685000,Hopper-v5,1
938.1,690000,942.55,138,,,logs/Hopper-v5/exp-16/sqil/2025_01_12_08_51_48_seed1,690000,Hopper-v5,1
838.65,695000,965.25,139,,,logs/Hopper-v5/exp-16/sqil/2025_01_12_08_51_48_seed1,695000,Hopper-v5,1
1078.67,700000,1188.83,140,,,logs/Hopper-v5/exp-16/sqil/2025_01_12_08_51_48_seed1,700000,Hopper-v5,1
973.93,705000,1216.79,141,,,logs/Hopper-v5/exp-16/sqil/2025_01_12_08_51_48_seed1,705000,Hopper-v5,1
972.51,710000,1770.73,142,,,logs/Hopper-v5/exp-16/sqil/2025_01_12_08_51_48_seed1,710000,Hopper-v5,1
912.77,715000,1109.75,143,,,logs/Hopper-v5/exp-16/sqil/2025_01_12_08_51_48_seed1,715000,Hopper-v5,1
976.59,720000,1721.37,144,,,logs/Hopper-v5/exp-16/sqil/2025_01_12_08_51_48_seed1,720000,Hopper-v5,1
1021.33,725000,1303.68,145,,,logs/Hopper-v5/exp-16/sqil/2025_01_12_08_51_48_seed1,725000,Hopper-v5,1
910.81,730000,1183.83,146,,,logs/Hopper-v5/exp-16/sqil/2025_01_12_08_51_48_seed1,730000,Hopper-v5,1
988.93,735000,994.03,147,,,logs/Hopper-v5/exp-16/sqil/2025_01_12_08_51_48_seed1,735000,Hopper-v5,1
1007.47,740000,1320.99,148,,,logs/Hopper-v5/exp-16/sqil/2025_01_12_08_51_48_seed1,740000,Hopper-v5,1
915.26,745000,925.96,149,,,logs/Hopper-v5/exp-16/sqil/2025_01_12_08_51_48_seed1,745000,Hopper-v5,1
883.25,750000,1326.22,150,,,logs/Hopper-v5/exp-16/sqil/2025_01_12_08_51_48_seed1,750000,Hopper-v5,1
1051.59,755000,1229.46,151,,,logs/Hopper-v5/exp-16/sqil/2025_01_12_08_51_48_seed1,755000,Hopper-v5,1
917.8,760000,945.57,152,,,logs/Hopper-v5/exp-16/sqil/2025_01_12_08_51_48_seed1,760000,Hopper-v5,1
952.22,765000,1163.2,153,,,logs/Hopper-v5/exp-16/sqil/2025_01_12_08_51_48_seed1,765000,Hopper-v5,1
1014.32,770000,1735.08,154,,,logs/Hopper-v5/exp-16/sqil/2025_01_12_08_51_48_seed1,770000,Hopper-v5,1
976.52,775000,1391.52,155,,,logs/Hopper-v5/exp-16/sqil/2025_01_12_08_51_48_seed1,775000,Hopper-v5,1
1074.87,780000,3078.45,156,,,logs/Hopper-v5/exp-16/sqil/2025_01_12_08_51_48_seed1,780000,Hopper-v5,1
1189.92,785000,1264.86,157,,,logs/Hopper-v5/exp-16/sqil/2025_01_12_08_51_48_seed1,785000,Hopper-v5,1
1180.67,790000,2815.74,158,,,logs/Hopper-v5/exp-16/sqil/2025_01_12_08_51_48_seed1,790000,Hopper-v5,1
1093.52,795000,1689.15,159,,,logs/Hopper-v5/exp-16/sqil/2025_01_12_08_51_48_seed1,795000,Hopper-v5,1
914.77,800000,1265.17,160,,,logs/Hopper-v5/exp-16/sqil/2025_01_12_08_51_48_seed1,800000,Hopper-v5,1
916.06,805000,1195.43,161,,,logs/Hopper-v5/exp-16/sqil/2025_01_12_08_51_48_seed1,805000,Hopper-v5,1
1046.48,810000,1143.0,162,,,logs/Hopper-v5/exp-16/sqil/2025_01_12_08_51_48_seed1,810000,Hopper-v5,1
968.84,815000,1091.24,163,,,logs/Hopper-v5/exp-16/sqil/2025_01_12_08_51_48_seed1,815000,Hopper-v5,1
994.23,820000,986.12,164,,,logs/Hopper-v5/exp-16/sqil/2025_01_12_08_51_48_seed1,820000,Hopper-v5,1
921.98,825000,846.79,165,,,logs/Hopper-v5/exp-16/sqil/2025_01_12_08_51_48_seed1,825000,Hopper-v5,1
971.21,830000,903.31,166,,,logs/Hopper-v5/exp-16/sqil/2025_01_12_08_51_48_seed1,830000,Hopper-v5,1
1025.0,835000,1271.08,167,,,logs/Hopper-v5/exp-16/sqil/2025_01_12_08_51_48_seed1,835000,Hopper-v5,1
949.16,840000,1183.53,168,,,logs/Hopper-v5/exp-16/sqil/2025_01_12_08_51_48_seed1,840000,Hopper-v5,1
914.1,845000,962.35,169,,,logs/Hopper-v5/exp-16/sqil/2025_01_12_08_51_48_seed1,845000,Hopper-v5,1
993.0,850000,1942.18,170,,,logs/Hopper-v5/exp-16/sqil/2025_01_12_08_51_48_seed1,850000,Hopper-v5,1
882.02,855000,963.97,171,,,logs/Hopper-v5/exp-16/sqil/2025_01_12_08_51_48_seed1,855000,Hopper-v5,1
1000.74,860000,1247.31,172,,,logs/Hopper-v5/exp-16/sqil/2025_01_12_08_51_48_seed1,860000,Hopper-v5,1
874.03,865000,963.13,173,,,logs/Hopper-v5/exp-16/sqil/2025_01_12_08_51_48_seed1,865000,Hopper-v5,1
948.82,870000,884.55,174,,,logs/Hopper-v5/exp-16/sqil/2025_01_12_08_51_48_seed1,870000,Hopper-v5,1
974.85,875000,1157.02,175,,,logs/Hopper-v5/exp-16/sqil/2025_01_12_08_51_48_seed1,875000,Hopper-v5,1
866.81,880000,853.04,176,,,logs/Hopper-v5/exp-16/sqil/2025_01_12_08_51_48_seed1,880000,Hopper-v5,1
1133.26,885000,1426.85,177,,,logs/Hopper-v5/exp-16/sqil/2025_01_12_08_51_48_seed1,885000,Hopper-v5,1
1083.03,890000,1227.77,178,,,logs/Hopper-v5/exp-16/sqil/2025_01_12_08_51_48_seed1,890000,Hopper-v5,1
909.83,895000,879.45,179,,,logs/Hopper-v5/exp-16/sqil/2025_01_12_08_51_48_seed1,895000,Hopper-v5,1
690.76,900000,870.11,180,,,logs/Hopper-v5/exp-16/sqil/2025_01_12_08_51_48_seed1,900000,Hopper-v5,1
1016.06,905000,1215.45,181,,,logs/Hopper-v5/exp-16/sqil/2025_01_12_08_51_48_seed1,905000,Hopper-v5,1
937.63,910000,1155.99,182,,,logs/Hopper-v5/exp-16/sqil/2025_01_12_08_51_48_seed1,910000,Hopper-v5,1
1045.16,915000,1205.74,183,,,logs/Hopper-v5/exp-16/sqil/2025_01_12_08_51_48_seed1,915000,Hopper-v5,1
983.75,920000,1760.59,184,,,logs/Hopper-v5/exp-16/sqil/2025_01_12_08_51_48_seed1,920000,Hopper-v5,1
1025.16,925000,1489.97,185,,,logs/Hopper-v5/exp-16/sqil/2025_01_12_08_51_48_seed1,925000,Hopper-v5,1
1048.99,930000,1465.55,186,,,logs/Hopper-v5/exp-16/sqil/2025_01_12_08_51_48_seed1,930000,Hopper-v5,1
961.03,935000,1013.88,187,,,logs/Hopper-v5/exp-16/sqil/2025_01_12_08_51_48_seed1,935000,Hopper-v5,1
1059.89,940000,1312.13,188,,,logs/Hopper-v5/exp-16/sqil/2025_01_12_08_51_48_seed1,940000,Hopper-v5,1
904.42,945000,975.43,189,,,logs/Hopper-v5/exp-16/sqil/2025_01_12_08_51_48_seed1,945000,Hopper-v5,1
1002.75,950000,1020.17,190,,,logs/Hopper-v5/exp-16/sqil/2025_01_12_08_51_48_seed1,950000,Hopper-v5,1
877.57,955000,1053.36,191,,,logs/Hopper-v5/exp-16/sqil/2025_01_12_08_51_48_seed1,955000,Hopper-v5,1
1002.66,960000,1244.29,192,,,logs/Hopper-v5/exp-16/sqil/2025_01_12_08_51_48_seed1,960000,Hopper-v5,1
929.92,965000,970.08,193,,,logs/Hopper-v5/exp-16/sqil/2025_01_12_08_51_48_seed1,965000,Hopper-v5,1
975.78,970000,1082.76,194,,,logs/Hopper-v5/exp-16/sqil/2025_01_12_08_51_48_seed1,970000,Hopper-v5,1
907.93,975000,1168.22,195,,,logs/Hopper-v5/exp-16/sqil/2025_01_12_08_51_48_seed1,975000,Hopper-v5,1
1043.45,980000,1915.05,196,,,logs/Hopper-v5/exp-16/sqil/2025_01_12_08_51_48_seed1,980000,Hopper-v5,1
1001.57,985000,1395.76,197,,,logs/Hopper-v5/exp-16/sqil/2025_01_12_08_51_48_seed1,985000,Hopper-v5,1
999.2,990000,1308.51,198,,,logs/Hopper-v5/exp-16/sqil/2025_01_12_08_51_48_seed1,990000,Hopper-v5,1
909.13,995000,689.0,199,,,logs/Hopper-v5/exp-16/sqil/2025_01_12_08_51_48_seed1,995000,Hopper-v5,1
192.45,0,198.15,0,,,logs/Hopper-v5/exp-16/sqil/2025_01_12_08_51_52_seed2,0,Hopper-v5,2
227.31,5000,227.82,1,,,logs/Hopper-v5/exp-16/sqil/2025_01_12_08_51_52_seed2,5000,Hopper-v5,2
270.0,10000,268.45,2,,,logs/Hopper-v5/exp-16/sqil/2025_01_12_08_51_52_seed2,10000,Hopper-v5,2
259.97,15000,262.23,3,,,logs/Hopper-v5/exp-16/sqil/2025_01_12_08_51_52_seed2,15000,Hopper-v5,2
324.44,20000,333.34,4,,,logs/Hopper-v5/exp-16/sqil/2025_01_12_08_51_52_seed2,20000,Hopper-v5,2
290.03,25000,242.62,5,,,logs/Hopper-v5/exp-16/sqil/2025_01_12_08_51_52_seed2,25000,Hopper-v5,2
485.3,30000,431.95,6,,,logs/Hopper-v5/exp-16/sqil/2025_01_12_08_51_52_seed2,30000,Hopper-v5,2
637.17,35000,689.22,7,,,logs/Hopper-v5/exp-16/sqil/2025_01_12_08_51_52_seed2,35000,Hopper-v5,2
638.87,40000,872.31,8,,,logs/Hopper-v5/exp-16/sqil/2025_01_12_08_51_52_seed2,40000,Hopper-v5,2
880.02,45000,887.97,9,,,logs/Hopper-v5/exp-16/sqil/2025_01_12_08_51_52_seed2,45000,Hopper-v5,2
687.71,50000,614.61,10,,,logs/Hopper-v5/exp-16/sqil/2025_01_12_08_51_52_seed2,50000,Hopper-v5,2
954.4,55000,1077.49,11,,,logs/Hopper-v5/exp-16/sqil/2025_01_12_08_51_52_seed2,55000,Hopper-v5,2
270.87,60000,258.46,12,,,logs/Hopper-v5/exp-16/sqil/2025_01_12_08_51_52_seed2,60000,Hopper-v5,2
2048.65,65000,2692.52,13,,,logs/Hopper-v5/exp-16/sqil/2025_01_12_08_51_52_seed2,65000,Hopper-v5,2
856.96,70000,847.75,14,,,logs/Hopper-v5/exp-16/sqil/2025_01_12_08_51_52_seed2,70000,Hopper-v5,2
656.51,75000,668.87,15,,,logs/Hopper-v5/exp-16/sqil/2025_01_12_08_51_52_seed2,75000,Hopper-v5,2
742.46,80000,731.83,16,,,logs/Hopper-v5/exp-16/sqil/2025_01_12_08_51_52_seed2,80000,Hopper-v5,2
1077.21,85000,1012.26,17,,,logs/Hopper-v5/exp-16/sqil/2025_01_12_08_51_52_seed2,85000,Hopper-v5,2
948.74,90000,1080.38,18,,,logs/Hopper-v5/exp-16/sqil/2025_01_12_08_51_52_seed2,90000,Hopper-v5,2
961.84,95000,931.53,19,,,logs/Hopper-v5/exp-16/sqil/2025_01_12_08_51_52_seed2,95000,Hopper-v5,2
861.8,100000,964.08,20,,,logs/Hopper-v5/exp-16/sqil/2025_01_12_08_51_52_seed2,100000,Hopper-v5,2
628.97,105000,679.23,21,,,logs/Hopper-v5/exp-16/sqil/2025_01_12_08_51_52_seed2,105000,Hopper-v5,2
1026.37,110000,1966.76,22,,,logs/Hopper-v5/exp-16/sqil/2025_01_12_08_51_52_seed2,110000,Hopper-v5,2
831.31,115000,843.02,23,,,logs/Hopper-v5/exp-16/sqil/2025_01_12_08_51_52_seed2,115000,Hopper-v5,2
1103.65,120000,1329.3,24,,,logs/Hopper-v5/exp-16/sqil/2025_01_12_08_51_52_seed2,120000,Hopper-v5,2
801.03,125000,947.94,25,,,logs/Hopper-v5/exp-16/sqil/2025_01_12_08_51_52_seed2,125000,Hopper-v5,2
814.49,130000,861.21,26,,,logs/Hopper-v5/exp-16/sqil/2025_01_12_08_51_52_seed2,130000,Hopper-v5,2
1110.31,135000,3212.29,27,,,logs/Hopper-v5/exp-16/sqil/2025_01_12_08_51_52_seed2,135000,Hopper-v5,2
822.33,140000,892.29,28,,,logs/Hopper-v5/exp-16/sqil/2025_01_12_08_51_52_seed2,140000,Hopper-v5,2
1036.51,145000,1033.39,29,,,logs/Hopper-v5/exp-16/sqil/2025_01_12_08_51_52_seed2,145000,Hopper-v5,2
917.41,150000,883.8,30,,,logs/Hopper-v5/exp-16/sqil/2025_01_12_08_51_52_seed2,150000,Hopper-v5,2
1065.16,155000,1167.16,31,,,logs/Hopper-v5/exp-16/sqil/2025_01_12_08_51_52_seed2,155000,Hopper-v5,2
953.77,160000,1116.24,32,,,logs/Hopper-v5/exp-16/sqil/2025_01_12_08_51_52_seed2,160000,Hopper-v5,2
757.31,165000,819.82,33,,,logs/Hopper-v5/exp-16/sqil/2025_01_12_08_51_52_seed2,165000,Hopper-v5,2
806.47,170000,846.74,34,,,logs/Hopper-v5/exp-16/sqil/2025_01_12_08_51_52_seed2,170000,Hopper-v5,2
814.09,175000,867.48,35,,,logs/Hopper-v5/exp-16/sqil/2025_01_12_08_51_52_seed2,175000,Hopper-v5,2
1064.32,180000,1056.4,36,,,logs/Hopper-v5/exp-16/sqil/2025_01_12_08_51_52_seed2,180000,Hopper-v5,2
960.63,185000,1461.13,37,,,logs/Hopper-v5/exp-16/sqil/2025_01_12_08_51_52_seed2,185000,Hopper-v5,2
874.97,190000,984.57,38,,,logs/Hopper-v5/exp-16/sqil/2025_01_12_08_51_52_seed2,190000,Hopper-v5,2
971.37,195000,3183.85,39,,,logs/Hopper-v5/exp-16/sqil/2025_01_12_08_51_52_seed2,195000,Hopper-v5,2
1013.48,200000,2420.03,40,,,logs/Hopper-v5/exp-16/sqil/2025_01_12_08_51_52_seed2,200000,Hopper-v5,2
1123.52,205000,1577.03,41,,,logs/Hopper-v5/exp-16/sqil/2025_01_12_08_51_52_seed2,205000,Hopper-v5,2
974.42,210000,1115.76,42,,,logs/Hopper-v5/exp-16/sqil/2025_01_12_08_51_52_seed2,210000,Hopper-v5,2
910.79,215000,1469.43,43,,,logs/Hopper-v5/exp-16/sqil/2025_01_12_08_51_52_seed2,215000,Hopper-v5,2
872.53,220000,889.97,44,,,logs/Hopper-v5/exp-16/sqil/2025_01_12_08_51_52_seed2,220000,Hopper-v5,2
1064.54,225000,2967.0,45,,,logs/Hopper-v5/exp-16/sqil/2025_01_12_08_51_52_seed2,225000,Hopper-v5,2
1252.98,230000,2726.11,46,,,logs/Hopper-v5/exp-16/sqil/2025_01_12_08_51_52_seed2,230000,Hopper-v5,2
1327.8,235000,3182.48,47,,,logs/Hopper-v5/exp-16/sqil/2025_01_12_08_51_52_seed2,235000,Hopper-v5,2
869.41,240000,871.16,48,,,logs/Hopper-v5/exp-16/sqil/2025_01_12_08_51_52_seed2,240000,Hopper-v5,2
985.86,245000,2693.41,49,,,logs/Hopper-v5/exp-16/sqil/2025_01_12_08_51_52_seed2,245000,Hopper-v5,2
1148.4,250000,1660.83,50,,,logs/Hopper-v5/exp-16/sqil/2025_01_12_08_51_52_seed2,250000,Hopper-v5,2
911.35,255000,1411.54,51,,,logs/Hopper-v5/exp-16/sqil/2025_01_12_08_51_52_seed2,255000,Hopper-v5,2
885.35,260000,896.31,52,,,logs/Hopper-v5/exp-16/sqil/2025_01_12_08_51_52_seed2,260000,Hopper-v5,2
853.56,265000,858.16,53,,,logs/Hopper-v5/exp-16/sqil/2025_01_12_08_51_52_seed2,265000,Hopper-v5,2
887.62,270000,944.24,54,,,logs/Hopper-v5/exp-16/sqil/2025_01_12_08_51_52_seed2,270000,Hopper-v5,2
1071.79,275000,1656.03,55,,,logs/Hopper-v5/exp-16/sqil/2025_01_12_08_51_52_seed2,275000,Hopper-v5,2
1179.57,280000,3072.32,56,,,logs/Hopper-v5/exp-16/sqil/2025_01_12_08_51_52_seed2,280000,Hopper-v5,2
923.61,285000,1366.4,57,,,logs/Hopper-v5/exp-16/sqil/2025_01_12_08_51_52_seed2,285000,Hopper-v5,2
828.61,290000,878.17,58,,,logs/Hopper-v5/exp-16/sqil/2025_01_12_08_51_52_seed2,290000,Hopper-v5,2
963.58,295000,1553.56,59,,,logs/Hopper-v5/exp-16/sqil/2025_01_12_08_51_52_seed2,295000,Hopper-v5,2
905.28,300000,929.29,60,,,logs/Hopper-v5/exp-16/sqil/2025_01_12_08_51_52_seed2,300000,Hopper-v5,2
836.24,305000,881.03,61,,,logs/Hopper-v5/exp-16/sqil/2025_01_12_08_51_52_seed2,305000,Hopper-v5,2
1022.17,310000,1598.02,62,,,logs/Hopper-v5/exp-16/sqil/2025_01_12_08_51_52_seed2,310000,Hopper-v5,2
862.75,315000,933.43,63,,,logs/Hopper-v5/exp-16/sqil/2025_01_12_08_51_52_seed2,315000,Hopper-v5,2
1163.85,320000,3175.47,64,,,logs/Hopper-v5/exp-16/sqil/2025_01_12_08_51_52_seed2,320000,Hopper-v5,2
910.17,325000,950.02,65,,,logs/Hopper-v5/exp-16/sqil/2025_01_12_08_51_52_seed2,325000,Hopper-v5,2
992.33,330000,1291.99,66,,,logs/Hopper-v5/exp-16/sqil/2025_01_12_08_51_52_seed2,330000,Hopper-v5,2
789.46,335000,885.87,67,,,logs/Hopper-v5/exp-16/sqil/2025_01_12_08_51_52_seed2,335000,Hopper-v5,2
931.35,340000,1019.85,68,,,logs/Hopper-v5/exp-16/sqil/2025_01_12_08_51_52_seed2,340000,Hopper-v5,2
885.02,345000,948.88,69,,,logs/Hopper-v5/exp-16/sqil/2025_01_12_08_51_52_seed2,345000,Hopper-v5,2
1054.57,350000,2785.44,70,,,logs/Hopper-v5/exp-16/sqil/2025_01_12_08_51_52_seed2,350000,Hopper-v5,2
816.51,355000,901.96,71,,,logs/Hopper-v5/exp-16/sqil/2025_01_12_08_51_52_seed2,355000,Hopper-v5,2
932.47,360000,1337.03,72,,,logs/Hopper-v5/exp-16/sqil/2025_01_12_08_51_52_seed2,360000,Hopper-v5,2
1209.81,365000,3232.68,73,,,logs/Hopper-v5/exp-16/sqil/2025_01_12_08_51_52_seed2,365000,Hopper-v5,2
772.12,370000,861.11,74,,,logs/Hopper-v5/exp-16/sqil/2025_01_12_08_51_52_seed2,370000,Hopper-v5,2
875.91,375000,1103.6,75,,,logs/Hopper-v5/exp-16/sqil/2025_01_12_08_51_52_seed2,375000,Hopper-v5,2
823.19,380000,889.42,76,,,logs/Hopper-v5/exp-16/sqil/2025_01_12_08_51_52_seed2,380000,Hopper-v5,2
938.3,385000,1036.48,77,,,logs/Hopper-v5/exp-16/sqil/2025_01_12_08_51_52_seed2,385000,Hopper-v5,2
822.66,390000,902.56,78,,,logs/Hopper-v5/exp-16/sqil/2025_01_12_08_51_52_seed2,390000,Hopper-v5,2
815.75,395000,990.88,79,,,logs/Hopper-v5/exp-16/sqil/2025_01_12_08_51_52_seed2,395000,Hopper-v5,2
827.82,400000,896.36,80,,,logs/Hopper-v5/exp-16/sqil/2025_01_12_08_51_52_seed2,400000,Hopper-v5,2
860.96,405000,942.52,81,,,logs/Hopper-v5/exp-16/sqil/2025_01_12_08_51_52_seed2,405000,Hopper-v5,2
965.09,410000,1588.79,82,,,logs/Hopper-v5/exp-16/sqil/2025_01_12_08_51_52_seed2,410000,Hopper-v5,2
932.92,415000,1052.38,83,,,logs/Hopper-v5/exp-16/sqil/2025_01_12_08_51_52_seed2,415000,Hopper-v5,2
822.38,420000,918.21,84,,,logs/Hopper-v5/exp-16/sqil/2025_01_12_08_51_52_seed2,420000,Hopper-v5,2
854.22,425000,1064.67,85,,,logs/Hopper-v5/exp-16/sqil/2025_01_12_08_51_52_seed2,425000,Hopper-v5,2
805.89,430000,893.12,86,,,logs/Hopper-v5/exp-16/sqil/2025_01_12_08_51_52_seed2,430000,Hopper-v5,2
1618.31,435000,3075.87,87,,,logs/Hopper-v5/exp-16/sqil/2025_01_12_08_51_52_seed2,435000,Hopper-v5,2
726.28,440000,896.96,88,,,logs/Hopper-v5/exp-16/sqil/2025_01_12_08_51_52_seed2,440000,Hopper-v5,2
938.76,445000,1019.78,89,,,logs/Hopper-v5/exp-16/sqil/2025_01_12_08_51_52_seed2,445000,Hopper-v5,2
811.99,450000,946.48,90,,,logs/Hopper-v5/exp-16/sqil/2025_01_12_08_51_52_seed2,450000,Hopper-v5,2
750.18,455000,847.96,91,,,logs/Hopper-v5/exp-16/sqil/2025_01_12_08_51_52_seed2,455000,Hopper-v5,2
1052.69,460000,2431.76,92,,,logs/Hopper-v5/exp-16/sqil/2025_01_12_08_51_52_seed2,460000,Hopper-v5,2
673.21,465000,737.28,93,,,logs/Hopper-v5/exp-16/sqil/2025_01_12_08_51_52_seed2,465000,Hopper-v5,2
1021.06,470000,1497.59,94,,,logs/Hopper-v5/exp-16/sqil/2025_01_12_08_51_52_seed2,470000,Hopper-v5,2
1009.42,475000,1980.04,95,,,logs/Hopper-v5/exp-16/sqil/2025_01_12_08_51_52_seed2,475000,Hopper-v5,2
909.16,480000,3162.46,96,,,logs/Hopper-v5/exp-16/sqil/2025_01_12_08_51_52_seed2,480000,Hopper-v5,2
1036.99,485000,1802.01,97,,,logs/Hopper-v5/exp-16/sqil/2025_01_12_08_51_52_seed2,485000,Hopper-v5,2
1115.63,490000,1812.65,98,,,logs/Hopper-v5/exp-16/sqil/2025_01_12_08_51_52_seed2,490000,Hopper-v5,2
840.29,495000,922.45,99,,,logs/Hopper-v5/exp-16/sqil/2025_01_12_08_51_52_seed2,495000,Hopper-v5,2
973.02,500000,1137.97,100,,,logs/Hopper-v5/exp-16/sqil/2025_01_12_08_51_52_seed2,500000,Hopper-v5,2
1103.81,505000,1453.42,101,,,logs/Hopper-v5/exp-16/sqil/2025_01_12_08_51_52_seed2,505000,Hopper-v5,2
930.4,510000,1093.47,102,,,logs/Hopper-v5/exp-16/sqil/2025_01_12_08_51_52_seed2,510000,Hopper-v5,2
911.02,515000,1033.0,103,,,logs/Hopper-v5/exp-16/sqil/2025_01_12_08_51_52_seed2,515000,Hopper-v5,2
900.82,520000,983.01,104,,,logs/Hopper-v5/exp-16/sqil/2025_01_12_08_51_52_seed2,520000,Hopper-v5,2
946.52,525000,2397.96,105,,,logs/Hopper-v5/exp-16/sqil/2025_01_12_08_51_52_seed2,525000,Hopper-v5,2
997.11,530000,1254.39,106,,,logs/Hopper-v5/exp-16/sqil/2025_01_12_08_51_52_seed2,530000,Hopper-v5,2
807.11,535000,959.08,107,,,logs/Hopper-v5/exp-16/sqil/2025_01_12_08_51_52_seed2,535000,Hopper-v5,2
958.08,540000,3133.92,108,,,logs/Hopper-v5/exp-16/sqil/2025_01_12_08_51_52_seed2,540000,Hopper-v5,2
858.46,545000,1006.73,109,,,logs/Hopper-v5/exp-16/sqil/2025_01_12_08_51_52_seed2,545000,Hopper-v5,2
1088.79,550000,3172.03,110,,,logs/Hopper-v5/exp-16/sqil/2025_01_12_08_51_52_seed2,550000,Hopper-v5,2
985.77,555000,1891.1,111,,,logs/Hopper-v5/exp-16/sqil/2025_01_12_08_51_52_seed2,555000,Hopper-v5,2
1239.37,560000,3129.84,112,,,logs/Hopper-v5/exp-16/sqil/2025_01_12_08_51_52_seed2,560000,Hopper-v5,2
779.61,565000,886.72,113,,,logs/Hopper-v5/exp-16/sqil/2025_01_12_08_51_52_seed2,565000,Hopper-v5,2
1065.64,570000,2971.25,114,,,logs/Hopper-v5/exp-16/sqil/2025_01_12_08_51_52_seed2,570000,Hopper-v5,2
1038.34,575000,2902.67,115,,,logs/Hopper-v5/exp-16/sqil/2025_01_12_08_51_52_seed2,575000,Hopper-v5,2
954.98,580000,1294.22,116,,,logs/Hopper-v5/exp-16/sqil/2025_01_12_08_51_52_seed2,580000,Hopper-v5,2
1059.24,585000,3184.7,117,,,logs/Hopper-v5/exp-16/sqil/2025_01_12_08_51_52_seed2,585000,Hopper-v5,2
840.95,590000,951.49,118,,,logs/Hopper-v5/exp-16/sqil/2025_01_12_08_51_52_seed2,590000,Hopper-v5,2
926.5,595000,3190.05,119,,,logs/Hopper-v5/exp-16/sqil/2025_01_12_08_51_52_seed2,595000,Hopper-v5,2
1050.82,600000,2542.05,120,,,logs/Hopper-v5/exp-16/sqil/2025_01_12_08_51_52_seed2,600000,Hopper-v5,2
878.31,605000,962.02,121,,,logs/Hopper-v5/exp-16/sqil/2025_01_12_08_51_52_seed2,605000,Hopper-v5,2
998.0,610000,1348.52,122,,,logs/Hopper-v5/exp-16/sqil/2025_01_12_08_51_52_seed2,610000,Hopper-v5,2
876.49,615000,3185.25,123,,,logs/Hopper-v5/exp-16/sqil/2025_01_12_08_51_52_seed2,615000,Hopper-v5,2
922.36,620000,2641.31,124,,,logs/Hopper-v5/exp-16/sqil/2025_01_12_08_51_52_seed2,620000,Hopper-v5,2
913.72,625000,3198.59,125,,,logs/Hopper-v5/exp-16/sqil/2025_01_12_08_51_52_seed2,625000,Hopper-v5,2
968.54,630000,1295.75,126,,,logs/Hopper-v5/exp-16/sqil/2025_01_12_08_51_52_seed2,630000,Hopper-v5,2
1494.16,635000,3220.12,127,,,logs/Hopper-v5/exp-16/sqil/2025_01_12_08_51_52_seed2,635000,Hopper-v5,2
1095.27,640000,3075.71,128,,,logs/Hopper-v5/exp-16/sqil/2025_01_12_08_51_52_seed2,640000,Hopper-v5,2
880.24,645000,1283.59,129,,,logs/Hopper-v5/exp-16/sqil/2025_01_12_08_51_52_seed2,645000,Hopper-v5,2
865.35,650000,1026.63,130,,,logs/Hopper-v5/exp-16/sqil/2025_01_12_08_51_52_seed2,650000,Hopper-v5,2
859.0,655000,1174.35,131,,,logs/Hopper-v5/exp-16/sqil/2025_01_12_08_51_52_seed2,655000,Hopper-v5,2
944.63,660000,2604.46,132,,,logs/Hopper-v5/exp-16/sqil/2025_01_12_08_51_52_seed2,660000,Hopper-v5,2
958.87,665000,2368.76,133,,,logs/Hopper-v5/exp-16/sqil/2025_01_12_08_51_52_seed2,665000,Hopper-v5,2
950.12,670000,1127.62,134,,,logs/Hopper-v5/exp-16/sqil/2025_01_12_08_51_52_seed2,670000,Hopper-v5,2
832.05,675000,1189.18,135,,,logs/Hopper-v5/exp-16/sqil/2025_01_12_08_51_52_seed2,675000,Hopper-v5,2
1022.99,680000,1094.26,136,,,logs/Hopper-v5/exp-16/sqil/2025_01_12_08_51_52_seed2,680000,Hopper-v5,2
891.76,685000,1071.69,137,,,logs/Hopper-v5/exp-16/sqil/2025_01_12_08_51_52_seed2,685000,Hopper-v5,2
935.92,690000,1786.06,138,,,logs/Hopper-v5/exp-16/sqil/2025_01_12_08_51_52_seed2,690000,Hopper-v5,2
1010.8,695000,1170.95,139,,,logs/Hopper-v5/exp-16/sqil/2025_01_12_08_51_52_seed2,695000,Hopper-v5,2
1044.38,700000,3241.59,140,,,logs/Hopper-v5/exp-16/sqil/2025_01_12_08_51_52_seed2,700000,Hopper-v5,2
942.44,705000,1008.04,141,,,logs/Hopper-v5/exp-16/sqil/2025_01_12_08_51_52_seed2,705000,Hopper-v5,2
900.16,710000,939.87,142,,,logs/Hopper-v5/exp-16/sqil/2025_01_12_08_51_52_seed2,710000,Hopper-v5,2
928.84,715000,1138.9,143,,,logs/Hopper-v5/exp-16/sqil/2025_01_12_08_51_52_seed2,715000,Hopper-v5,2
790.33,720000,1220.46,144,,,logs/Hopper-v5/exp-16/sqil/2025_01_12_08_51_52_seed2,720000,Hopper-v5,2
1013.08,725000,807.55,145,,,logs/Hopper-v5/exp-16/sqil/2025_01_12_08_51_52_seed2,725000,Hopper-v5,2
981.12,730000,3238.82,146,,,logs/Hopper-v5/exp-16/sqil/2025_01_12_08_51_52_seed2,730000,Hopper-v5,2
1005.05,735000,2697.47,147,,,logs/Hopper-v5/exp-16/sqil/2025_01_12_08_51_52_seed2,735000,Hopper-v5,2
912.04,740000,1046.15,148,,,logs/Hopper-v5/exp-16/sqil/2025_01_12_08_51_52_seed2,740000,Hopper-v5,2
883.89,745000,1140.46,149,,,logs/Hopper-v5/exp-16/sqil/2025_01_12_08_51_52_seed2,745000,Hopper-v5,2
1133.93,750000,3228.82,150,,,logs/Hopper-v5/exp-16/sqil/2025_01_12_08_51_52_seed2,750000,Hopper-v5,2
1040.12,755000,3281.74,151,,,logs/Hopper-v5/exp-16/sqil/2025_01_12_08_51_52_seed2,755000,Hopper-v5,2
1317.36,760000,1568.95,152,,,logs/Hopper-v5/exp-16/sqil/2025_01_12_08_51_52_seed2,760000,Hopper-v5,2
978.16,765000,1087.41,153,,,logs/Hopper-v5/exp-16/sqil/2025_01_12_08_51_52_seed2,765000,Hopper-v5,2
1931.87,770000,3248.0,154,,,logs/Hopper-v5/exp-16/sqil/2025_01_12_08_51_52_seed2,770000,Hopper-v5,2
1001.63,775000,3117.8,155,,,logs/Hopper-v5/exp-16/sqil/2025_01_12_08_51_52_seed2,775000,Hopper-v5,2
990.66,780000,1398.01,156,,,logs/Hopper-v5/exp-16/sqil/2025_01_12_08_51_52_seed2,780000,Hopper-v5,2
935.59,785000,1924.41,157,,,logs/Hopper-v5/exp-16/sqil/2025_01_12_08_51_52_seed2,785000,Hopper-v5,2
1309.66,790000,3164.56,158,,,logs/Hopper-v5/exp-16/sqil/2025_01_12_08_51_52_seed2,790000,Hopper-v5,2
971.65,795000,1424.75,159,,,logs/Hopper-v5/exp-16/sqil/2025_01_12_08_51_52_seed2,795000,Hopper-v5,2
949.46,800000,1091.16,160,,,logs/Hopper-v5/exp-16/sqil/2025_01_12_08_51_52_seed2,800000,Hopper-v5,2
1709.16,805000,3198.23,161,,,logs/Hopper-v5/exp-16/sqil/2025_01_12_08_51_52_seed2,805000,Hopper-v5,2
1113.31,810000,3191.2,162,,,logs/Hopper-v5/exp-16/sqil/2025_01_12_08_51_52_seed2,810000,Hopper-v5,2
1091.89,815000,3239.13,163,,,logs/Hopper-v5/exp-16/sqil/2025_01_12_08_51_52_seed2,815000,Hopper-v5,2
1026.63,820000,3240.41,164,,,logs/Hopper-v5/exp-16/sqil/2025_01_12_08_51_52_seed2,820000,Hopper-v5,2
906.43,825000,1352.72,165,,,logs/Hopper-v5/exp-16/sqil/2025_01_12_08_51_52_seed2,825000,Hopper-v5,2
1532.61,830000,3177.57,166,,,logs/Hopper-v5/exp-16/sqil/2025_01_12_08_51_52_seed2,830000,Hopper-v5,2
905.47,835000,1128.85,167,,,logs/Hopper-v5/exp-16/sqil/2025_01_12_08_51_52_seed2,835000,Hopper-v5,2
1554.97,840000,3183.59,168,,,logs/Hopper-v5/exp-16/sqil/2025_01_12_08_51_52_seed2,840000,Hopper-v5,2
774.32,845000,828.2,169,,,logs/Hopper-v5/exp-16/sqil/2025_01_12_08_51_52_seed2,845000,Hopper-v5,2
1589.05,850000,3257.01,170,,,logs/Hopper-v5/exp-16/sqil/2025_01_12_08_51_52_seed2,850000,Hopper-v5,2
1100.89,855000,3234.56,171,,,logs/Hopper-v5/exp-16/sqil/2025_01_12_08_51_52_seed2,855000,Hopper-v5,2
1099.06,860000,3227.65,172,,,logs/Hopper-v5/exp-16/sqil/2025_01_12_08_51_52_seed2,860000,Hopper-v5,2
815.9,865000,979.64,173,,,logs/Hopper-v5/exp-16/sqil/2025_01_12_08_51_52_seed2,865000,Hopper-v5,2
1626.83,870000,3169.41,174,,,logs/Hopper-v5/exp-16/sqil/2025_01_12_08_51_52_seed2,870000,Hopper-v5,2
828.94,875000,912.02,175,,,logs/Hopper-v5/exp-16/sqil/2025_01_12_08_51_52_seed2,875000,Hopper-v5,2
1119.58,880000,1074.01,176,,,logs/Hopper-v5/exp-16/sqil/2025_01_12_08_51_52_seed2,880000,Hopper-v5,2
930.78,885000,1477.21,177,,,logs/Hopper-v5/exp-16/sqil/2025_01_12_08_51_52_seed2,885000,Hopper-v5,2
870.84,890000,3252.42,178,,,logs/Hopper-v5/exp-16/sqil/2025_01_12_08_51_52_seed2,890000,Hopper-v5,2
1321.56,895000,3226.52,179,,,logs/Hopper-v5/exp-16/sqil/2025_01_12_08_51_52_seed2,895000,Hopper-v5,2
2018.55,900000,3203.07,180,,,logs/Hopper-v5/exp-16/sqil/2025_01_12_08_51_52_seed2,900000,Hopper-v5,2
1253.41,905000,3251.02,181,,,logs/Hopper-v5/exp-16/sqil/2025_01_12_08_51_52_seed2,905000,Hopper-v5,2
1176.06,910000,3218.16,182,,,logs/Hopper-v5/exp-16/sqil/2025_01_12_08_51_52_seed2,910000,Hopper-v5,2
935.7,915000,3122.7,183,,,logs/Hopper-v5/exp-16/sqil/2025_01_12_08_51_52_seed2,915000,Hopper-v5,2
938.15,920000,3252.74,184,,,logs/Hopper-v5/exp-16/sqil/2025_01_12_08_51_52_seed2,920000,Hopper-v5,2
805.3,925000,931.24,185,,,logs/Hopper-v5/exp-16/sqil/2025_01_12_08_51_52_seed2,925000,Hopper-v5,2
865.64,930000,1247.56,186,,,logs/Hopper-v5/exp-16/sqil/2025_01_12_08_51_52_seed2,930000,Hopper-v5,2
1828.91,935000,3155.62,187,,,logs/Hopper-v5/exp-16/sqil/2025_01_12_08_51_52_seed2,935000,Hopper-v5,2
1625.86,940000,3224.72,188,,,logs/Hopper-v5/exp-16/sqil/2025_01_12_08_51_52_seed2,940000,Hopper-v5,2
1093.52,945000,3166.5,189,,,logs/Hopper-v5/exp-16/sqil/2025_01_12_08_51_52_seed2,945000,Hopper-v5,2
960.49,950000,3240.44,190,,,logs/Hopper-v5/exp-16/sqil/2025_01_12_08_51_52_seed2,950000,Hopper-v5,2
976.7,955000,1783.14,191,,,logs/Hopper-v5/exp-16/sqil/2025_01_12_08_51_52_seed2,955000,Hopper-v5,2
981.48,960000,3214.9,192,,,logs/Hopper-v5/exp-16/sqil/2025_01_12_08_51_52_seed2,960000,Hopper-v5,2
1115.35,965000,3164.14,193,,,logs/Hopper-v5/exp-16/sqil/2025_01_12_08_51_52_seed2,965000,Hopper-v5,2
1258.14,970000,3214.05,194,,,logs/Hopper-v5/exp-16/sqil/2025_01_12_08_51_52_seed2,970000,Hopper-v5,2
872.69,975000,2401.57,195,,,logs/Hopper-v5/exp-16/sqil/2025_01_12_08_51_52_seed2,975000,Hopper-v5,2
1003.83,980000,3103.36,196,,,logs/Hopper-v5/exp-16/sqil/2025_01_12_08_51_52_seed2,980000,Hopper-v5,2
1368.26,985000,2757.07,197,,,logs/Hopper-v5/exp-16/sqil/2025_01_12_08_51_52_seed2,985000,Hopper-v5,2
1078.11,990000,3258.93,198,,,logs/Hopper-v5/exp-16/sqil/2025_01_12_08_51_52_seed2,990000,Hopper-v5,2
1014.93,995000,3231.17,199,,,logs/Hopper-v5/exp-16/sqil/2025_01_12_08_51_52_seed2,995000,Hopper-v5,2
185.29,0,238.36,0,,,logs/Hopper-v5/exp-16/sqil/2025_01_12_08_51_52_seed4,0,Hopper-v5,4
219.35,5000,225.68,1,,,logs/Hopper-v5/exp-16/sqil/2025_01_12_08_51_52_seed4,5000,Hopper-v5,4
276.21,10000,303.9,2,,,logs/Hopper-v5/exp-16/sqil/2025_01_12_08_51_52_seed4,10000,Hopper-v5,4
330.32,15000,325.15,3,,,logs/Hopper-v5/exp-16/sqil/2025_01_12_08_51_52_seed4,15000,Hopper-v5,4
290.78,20000,280.09,4,,,logs/Hopper-v5/exp-16/sqil/2025_01_12_08_51_52_seed4,20000,Hopper-v5,4
362.5,25000,369.69,5,,,logs/Hopper-v5/exp-16/sqil/2025_01_12_08_51_52_seed4,25000,Hopper-v5,4
398.28,30000,289.35,6,,,logs/Hopper-v5/exp-16/sqil/2025_01_12_08_51_52_seed4,30000,Hopper-v5,4
106.17,35000,79.81,7,,,logs/Hopper-v5/exp-16/sqil/2025_01_12_08_51_52_seed4,35000,Hopper-v5,4
1059.61,40000,1581.0,8,,,logs/Hopper-v5/exp-16/sqil/2025_01_12_08_51_52_seed4,40000,Hopper-v5,4
588.33,45000,491.66,9,,,logs/Hopper-v5/exp-16/sqil/2025_01_12_08_51_52_seed4,45000,Hopper-v5,4
681.23,50000,827.51,10,,,logs/Hopper-v5/exp-16/sqil/2025_01_12_08_51_52_seed4,50000,Hopper-v5,4
1335.53,55000,2588.79,11,,,logs/Hopper-v5/exp-16/sqil/2025_01_12_08_51_52_seed4,55000,Hopper-v5,4
786.34,60000,549.41,12,,,logs/Hopper-v5/exp-16/sqil/2025_01_12_08_51_52_seed4,60000,Hopper-v5,4
1391.12,65000,1880.49,13,,,logs/Hopper-v5/exp-16/sqil/2025_01_12_08_51_52_seed4,65000,Hopper-v5,4
1056.93,70000,1094.24,14,,,logs/Hopper-v5/exp-16/sqil/2025_01_12_08_51_52_seed4,70000,Hopper-v5,4
1062.99,75000,1175.31,15,,,logs/Hopper-v5/exp-16/sqil/2025_01_12_08_51_52_seed4,75000,Hopper-v5,4
722.05,80000,953.75,16,,,logs/Hopper-v5/exp-16/sqil/2025_01_12_08_51_52_seed4,80000,Hopper-v5,4
730.71,85000,832.98,17,,,logs/Hopper-v5/exp-16/sqil/2025_01_12_08_51_52_seed4,85000,Hopper-v5,4
574.09,90000,642.0,18,,,logs/Hopper-v5/exp-16/sqil/2025_01_12_08_51_52_seed4,90000,Hopper-v5,4
2449.75,95000,2924.48,19,,,logs/Hopper-v5/exp-16/sqil/2025_01_12_08_51_52_seed4,95000,Hopper-v5,4
695.71,100000,788.53,20,,,logs/Hopper-v5/exp-16/sqil/2025_01_12_08_51_52_seed4,100000,Hopper-v5,4
786.27,105000,892.91,21,,,logs/Hopper-v5/exp-16/sqil/2025_01_12_08_51_52_seed4,105000,Hopper-v5,4
921.38,110000,1049.63,22,,,logs/Hopper-v5/exp-16/sqil/2025_01_12_08_51_52_seed4,110000,Hopper-v5,4
742.74,115000,783.41,23,,,logs/Hopper-v5/exp-16/sqil/2025_01_12_08_51_52_seed4,115000,Hopper-v5,4
876.16,120000,973.89,24,,,logs/Hopper-v5/exp-16/sqil/2025_01_12_08_51_52_seed4,120000,Hopper-v5,4
971.44,125000,1333.78,25,,,logs/Hopper-v5/exp-16/sqil/2025_01_12_08_51_52_seed4,125000,Hopper-v5,4
656.16,130000,710.67,26,,,logs/Hopper-v5/exp-16/sqil/2025_01_12_08_51_52_seed4,130000,Hopper-v5,4
750.79,135000,814.72,27,,,logs/Hopper-v5/exp-16/sqil/2025_01_12_08_51_52_seed4,135000,Hopper-v5,4
842.21,140000,1314.21,28,,,logs/Hopper-v5/exp-16/sqil/2025_01_12_08_51_52_seed4,140000,Hopper-v5,4
496.94,145000,405.1,29,,,logs/Hopper-v5/exp-16/sqil/2025_01_12_08_51_52_seed4,145000,Hopper-v5,4
1067.25,150000,884.77,30,,,logs/Hopper-v5/exp-16/sqil/2025_01_12_08_51_52_seed4,150000,Hopper-v5,4
803.98,155000,908.88,31,,,logs/Hopper-v5/exp-16/sqil/2025_01_12_08_51_52_seed4,155000,Hopper-v5,4
808.05,160000,782.85,32,,,logs/Hopper-v5/exp-16/sqil/2025_01_12_08_51_52_seed4,160000,Hopper-v5,4
317.76,165000,385.53,33,,,logs/Hopper-v5/exp-16/sqil/2025_01_12_08_51_52_seed4,165000,Hopper-v5,4
826.39,170000,1064.09,34,,,logs/Hopper-v5/exp-16/sqil/2025_01_12_08_51_52_seed4,170000,Hopper-v5,4
993.61,175000,1013.26,35,,,logs/Hopper-v5/exp-16/sqil/2025_01_12_08_51_52_seed4,175000,Hopper-v5,4
900.75,180000,919.72,36,,,logs/Hopper-v5/exp-16/sqil/2025_01_12_08_51_52_seed4,180000,Hopper-v5,4
921.13,185000,1126.09,37,,,logs/Hopper-v5/exp-16/sqil/2025_01_12_08_51_52_seed4,185000,Hopper-v5,4
656.33,190000,747.5,38,,,logs/Hopper-v5/exp-16/sqil/2025_01_12_08_51_52_seed4,190000,Hopper-v5,4
887.1,195000,912.16,39,,,logs/Hopper-v5/exp-16/sqil/2025_01_12_08_51_52_seed4,195000,Hopper-v5,4
1459.9,200000,2980.7,40,,,logs/Hopper-v5/exp-16/sqil/2025_01_12_08_51_52_seed4,200000,Hopper-v5,4
756.6,205000,799.01,41,,,logs/Hopper-v5/exp-16/sqil/2025_01_12_08_51_52_seed4,205000,Hopper-v5,4
999.41,210000,1175.48,42,,,logs/Hopper-v5/exp-16/sqil/2025_01_12_08_51_52_seed4,210000,Hopper-v5,4
831.59,215000,861.21,43,,,logs/Hopper-v5/exp-16/sqil/2025_01_12_08_51_52_seed4,215000,Hopper-v5,4
779.73,220000,796.86,44,,,logs/Hopper-v5/exp-16/sqil/2025_01_12_08_51_52_seed4,220000,Hopper-v5,4
793.61,225000,828.45,45,,,logs/Hopper-v5/exp-16/sqil/2025_01_12_08_51_52_seed4,225000,Hopper-v5,4
512.72,230000,543.83,46,,,logs/Hopper-v5/exp-16/sqil/2025_01_12_08_51_52_seed4,230000,Hopper-v5,4
845.42,235000,1041.34,47,,,logs/Hopper-v5/exp-16/sqil/2025_01_12_08_51_52_seed4,235000,Hopper-v5,4
940.39,240000,922.14,48,,,logs/Hopper-v5/exp-16/sqil/2025_01_12_08_51_52_seed4,240000,Hopper-v5,4
718.71,245000,797.4,49,,,logs/Hopper-v5/exp-16/sqil/2025_01_12_08_51_52_seed4,245000,Hopper-v5,4
923.72,250000,947.11,50,,,logs/Hopper-v5/exp-16/sqil/2025_01_12_08_51_52_seed4,250000,Hopper-v5,4
1013.29,255000,952.05,51,,,logs/Hopper-v5/exp-16/sqil/2025_01_12_08_51_52_seed4,255000,Hopper-v5,4
704.0,260000,835.35,52,,,logs/Hopper-v5/exp-16/sqil/2025_01_12_08_51_52_seed4,260000,Hopper-v5,4
661.26,265000,733.06,53,,,logs/Hopper-v5/exp-16/sqil/2025_01_12_08_51_52_seed4,265000,Hopper-v5,4
1012.06,270000,1190.12,54,,,logs/Hopper-v5/exp-16/sqil/2025_01_12_08_51_52_seed4,270000,Hopper-v5,4
756.91,275000,901.55,55,,,logs/Hopper-v5/exp-16/sqil/2025_01_12_08_51_52_seed4,275000,Hopper-v5,4
780.48,280000,944.8,56,,,logs/Hopper-v5/exp-16/sqil/2025_01_12_08_51_52_seed4,280000,Hopper-v5,4
706.94,285000,831.24,57,,,logs/Hopper-v5/exp-16/sqil/2025_01_12_08_51_52_seed4,285000,Hopper-v5,4
1061.07,290000,3008.17,58,,,logs/Hopper-v5/exp-16/sqil/2025_01_12_08_51_52_seed4,290000,Hopper-v5,4
787.46,295000,1012.1,59,,,logs/Hopper-v5/exp-16/sqil/2025_01_12_08_51_52_seed4,295000,Hopper-v5,4
918.15,300000,1308.02,60,,,logs/Hopper-v5/exp-16/sqil/2025_01_12_08_51_52_seed4,300000,Hopper-v5,4
872.22,305000,909.87,61,,,logs/Hopper-v5/exp-16/sqil/2025_01_12_08_51_52_seed4,305000,Hopper-v5,4
821.78,310000,1080.02,62,,,logs/Hopper-v5/exp-16/sqil/2025_01_12_08_51_52_seed4,310000,Hopper-v5,4
971.35,315000,2402.54,63,,,logs/Hopper-v5/exp-16/sqil/2025_01_12_08_51_52_seed4,315000,Hopper-v5,4
925.92,320000,971.09,64,,,logs/Hopper-v5/exp-16/sqil/2025_01_12_08_51_52_seed4,320000,Hopper-v5,4
703.39,325000,829.33,65,,,logs/Hopper-v5/exp-16/sqil/2025_01_12_08_51_52_seed4,325000,Hopper-v5,4
820.64,330000,897.26,66,,,logs/Hopper-v5/exp-16/sqil/2025_01_12_08_51_52_seed4,330000,Hopper-v5,4
772.48,335000,1645.38,67,,,logs/Hopper-v5/exp-16/sqil/2025_01_12_08_51_52_seed4,335000,Hopper-v5,4
838.9,340000,886.53,68,,,logs/Hopper-v5/exp-16/sqil/2025_01_12_08_51_52_seed4,340000,Hopper-v5,4
841.81,345000,1015.38,69,,,logs/Hopper-v5/exp-16/sqil/2025_01_12_08_51_52_seed4,345000,Hopper-v5,4
838.29,350000,1064.24,70,,,logs/Hopper-v5/exp-16/sqil/2025_01_12_08_51_52_seed4,350000,Hopper-v5,4
895.13,355000,945.15,71,,,logs/Hopper-v5/exp-16/sqil/2025_01_12_08_51_52_seed4,355000,Hopper-v5,4
758.82,360000,929.29,72,,,logs/Hopper-v5/exp-16/sqil/2025_01_12_08_51_52_seed4,360000,Hopper-v5,4
1503.45,365000,2870.69,73,,,logs/Hopper-v5/exp-16/sqil/2025_01_12_08_51_52_seed4,365000,Hopper-v5,4
896.68,370000,937.01,74,,,logs/Hopper-v5/exp-16/sqil/2025_01_12_08_51_52_seed4,370000,Hopper-v5,4
869.56,375000,1541.24,75,,,logs/Hopper-v5/exp-16/sqil/2025_01_12_08_51_52_seed4,375000,Hopper-v5,4
872.17,380000,977.55,76,,,logs/Hopper-v5/exp-16/sqil/2025_01_12_08_51_52_seed4,380000,Hopper-v5,4
895.27,385000,890.23,77,,,logs/Hopper-v5/exp-16/sqil/2025_01_12_08_51_52_seed4,385000,Hopper-v5,4
930.74,390000,2008.85,78,,,logs/Hopper-v5/exp-16/sqil/2025_01_12_08_51_52_seed4,390000,Hopper-v5,4
947.03,395000,1773.17,79,,,logs/Hopper-v5/exp-16/sqil/2025_01_12_08_51_52_seed4,395000,Hopper-v5,4
902.61,400000,841.88,80,,,logs/Hopper-v5/exp-16/sqil/2025_01_12_08_51_52_seed4,400000,Hopper-v5,4
836.0,405000,1138.53,81,,,logs/Hopper-v5/exp-16/sqil/2025_01_12_08_51_52_seed4,405000,Hopper-v5,4
960.6,410000,944.65,82,,,logs/Hopper-v5/exp-16/sqil/2025_01_12_08_51_52_seed4,410000,Hopper-v5,4
978.97,415000,1100.24,83,,,logs/Hopper-v5/exp-16/sqil/2025_01_12_08_51_52_seed4,415000,Hopper-v5,4
890.56,420000,864.76,84,,,logs/Hopper-v5/exp-16/sqil/2025_01_12_08_51_52_seed4,420000,Hopper-v5,4
886.52,425000,900.97,85,,,logs/Hopper-v5/exp-16/sqil/2025_01_12_08_51_52_seed4,425000,Hopper-v5,4
926.57,430000,905.81,86,,,logs/Hopper-v5/exp-16/sqil/2025_01_12_08_51_52_seed4,430000,Hopper-v5,4
868.47,435000,892.05,87,,,logs/Hopper-v5/exp-16/sqil/2025_01_12_08_51_52_seed4,435000,Hopper-v5,4
839.26,440000,933.2,88,,,logs/Hopper-v5/exp-16/sqil/2025_01_12_08_51_52_seed4,440000,Hopper-v5,4
907.36,445000,911.66,89,,,logs/Hopper-v5/exp-16/sqil/2025_01_12_08_51_52_seed4,445000,Hopper-v5,4
926.14,450000,919.33,90,,,logs/Hopper-v5/exp-16/sqil/2025_01_12_08_51_52_seed4,450000,Hopper-v5,4
829.36,455000,843.93,91,,,logs/Hopper-v5/exp-16/sqil/2025_01_12_08_51_52_seed4,455000,Hopper-v5,4
954.19,460000,895.86,92,,,logs/Hopper-v5/exp-16/sqil/2025_01_12_08_51_52_seed4,460000,Hopper-v5,4
946.13,465000,1034.95,93,,,logs/Hopper-v5/exp-16/sqil/2025_01_12_08_51_52_seed4,465000,Hopper-v5,4
1027.42,470000,1089.47,94,,,logs/Hopper-v5/exp-16/sqil/2025_01_12_08_51_52_seed4,470000,Hopper-v5,4
1505.53,475000,3191.39,95,,,logs/Hopper-v5/exp-16/sqil/2025_01_12_08_51_52_seed4,475000,Hopper-v5,4
1045.69,480000,1233.44,96,,,logs/Hopper-v5/exp-16/sqil/2025_01_12_08_51_52_seed4,480000,Hopper-v5,4
883.16,485000,1019.39,97,,,logs/Hopper-v5/exp-16/sqil/2025_01_12_08_51_52_seed4,485000,Hopper-v5,4
905.81,490000,952.7,98,,,logs/Hopper-v5/exp-16/sqil/2025_01_12_08_51_52_seed4,490000,Hopper-v5,4
921.51,495000,947.45,99,,,logs/Hopper-v5/exp-16/sqil/2025_01_12_08_51_52_seed4,495000,Hopper-v5,4
977.58,500000,929.23,100,,,logs/Hopper-v5/exp-16/sqil/2025_01_12_08_51_52_seed4,500000,Hopper-v5,4
1069.67,505000,3239.35,101,,,logs/Hopper-v5/exp-16/sqil/2025_01_12_08_51_52_seed4,505000,Hopper-v5,4
980.95,510000,932.3,102,,,logs/Hopper-v5/exp-16/sqil/2025_01_12_08_51_52_seed4,510000,Hopper-v5,4
908.93,515000,868.04,103,,,logs/Hopper-v5/exp-16/sqil/2025_01_12_08_51_52_seed4,515000,Hopper-v5,4
1026.24,520000,1159.02,104,,,logs/Hopper-v5/exp-16/sqil/2025_01_12_08_51_52_seed4,520000,Hopper-v5,4
977.92,525000,2345.19,105,,,logs/Hopper-v5/exp-16/sqil/2025_01_12_08_51_52_seed4,525000,Hopper-v5,4
1103.23,530000,1381.57,106,,,logs/Hopper-v5/exp-16/sqil/2025_01_12_08_51_52_seed4,530000,Hopper-v5,4
988.3,535000,1064.16,107,,,logs/Hopper-v5/exp-16/sqil/2025_01_12_08_51_52_seed4,535000,Hopper-v5,4
1027.42,540000,2488.02,108,,,logs/Hopper-v5/exp-16/sqil/2025_01_12_08_51_52_seed4,540000,Hopper-v5,4
1004.12,545000,1084.3,109,,,logs/Hopper-v5/exp-16/sqil/2025_01_12_08_51_52_seed4,545000,Hopper-v5,4
1064.93,550000,2914.04,110,,,logs/Hopper-v5/exp-16/sqil/2025_01_12_08_51_52_seed4,550000,Hopper-v5,4
1417.89,555000,2802.66,111,,,logs/Hopper-v5/exp-16/sqil/2025_01_12_08_51_52_seed4,555000,Hopper-v5,4
1209.22,560000,3283.84,112,,,logs/Hopper-v5/exp-16/sqil/2025_01_12_08_51_52_seed4,560000,Hopper-v5,4
1134.92,565000,3284.34,113,,,logs/Hopper-v5/exp-16/sqil/2025_01_12_08_51_52_seed4,565000,Hopper-v5,4
2407.4,570000,3218.79,114,,,logs/Hopper-v5/exp-16/sqil/2025_01_12_08_51_52_seed4,570000,Hopper-v5,4
744.83,575000,1163.52,115,,,logs/Hopper-v5/exp-16/sqil/2025_01_12_08_51_52_seed4,575000,Hopper-v5,4
1149.14,580000,3293.84,116,,,logs/Hopper-v5/exp-16/sqil/2025_01_12_08_51_52_seed4,580000,Hopper-v5,4
1286.03,585000,3286.53,117,,,logs/Hopper-v5/exp-16/sqil/2025_01_12_08_51_52_seed4,585000,Hopper-v5,4
1011.47,590000,1732.86,118,,,logs/Hopper-v5/exp-16/sqil/2025_01_12_08_51_52_seed4,590000,Hopper-v5,4
1056.63,595000,3299.62,119,,,logs/Hopper-v5/exp-16/sqil/2025_01_12_08_51_52_seed4,595000,Hopper-v5,4
1087.26,600000,2672.04,120,,,logs/Hopper-v5/exp-16/sqil/2025_01_12_08_51_52_seed4,600000,Hopper-v5,4
1081.28,605000,1463.8,121,,,logs/Hopper-v5/exp-16/sqil/2025_01_12_08_51_52_seed4,605000,Hopper-v5,4
970.24,610000,1788.02,122,,,logs/Hopper-v5/exp-16/sqil/2025_01_12_08_51_52_seed4,610000,Hopper-v5,4
1491.45,615000,3192.68,123,,,logs/Hopper-v5/exp-16/sqil/2025_01_12_08_51_52_seed4,615000,Hopper-v5,4
1395.13,620000,3163.98,124,,,logs/Hopper-v5/exp-16/sqil/2025_01_12_08_51_52_seed4,620000,Hopper-v5,4
1005.84,625000,1093.87,125,,,logs/Hopper-v5/exp-16/sqil/2025_01_12_08_51_52_seed4,625000,Hopper-v5,4
1221.39,630000,3176.0,126,,,logs/Hopper-v5/exp-16/sqil/2025_01_12_08_51_52_seed4,630000,Hopper-v5,4
1026.67,635000,1116.52,127,,,logs/Hopper-v5/exp-16/sqil/2025_01_12_08_51_52_seed4,635000,Hopper-v5,4
1094.89,640000,2104.15,128,,,logs/Hopper-v5/exp-16/sqil/2025_01_12_08_51_52_seed4,640000,Hopper-v5,4
1045.36,645000,1598.77,129,,,logs/Hopper-v5/exp-16/sqil/2025_01_12_08_51_52_seed4,645000,Hopper-v5,4
1028.12,650000,1185.37,130,,,logs/Hopper-v5/exp-16/sqil/2025_01_12_08_51_52_seed4,650000,Hopper-v5,4
1196.47,655000,3337.23,131,,,logs/Hopper-v5/exp-16/sqil/2025_01_12_08_51_52_seed4,655000,Hopper-v5,4
1075.05,660000,1364.78,132,,,logs/Hopper-v5/exp-16/sqil/2025_01_12_08_51_52_seed4,660000,Hopper-v5,4
1220.09,665000,2921.96,133,,,logs/Hopper-v5/exp-16/sqil/2025_01_12_08_51_52_seed4,665000,Hopper-v5,4
1086.1,670000,3282.85,134,,,logs/Hopper-v5/exp-16/sqil/2025_01_12_08_51_52_seed4,670000,Hopper-v5,4
1136.23,675000,3317.78,135,,,logs/Hopper-v5/exp-16/sqil/2025_01_12_08_51_52_seed4,675000,Hopper-v5,4
1212.33,680000,2724.05,136,,,logs/Hopper-v5/exp-16/sqil/2025_01_12_08_51_52_seed4,680000,Hopper-v5,4
1228.71,685000,2948.8,137,,,logs/Hopper-v5/exp-16/sqil/2025_01_12_08_51_52_seed4,685000,Hopper-v5,4
1773.01,690000,2776.31,138,,,logs/Hopper-v5/exp-16/sqil/2025_01_12_08_51_52_seed4,690000,Hopper-v5,4
1607.4,695000,3307.44,139,,,logs/Hopper-v5/exp-16/sqil/2025_01_12_08_51_52_seed4,695000,Hopper-v5,4
1295.79,700000,3313.59,140,,,logs/Hopper-v5/exp-16/sqil/2025_01_12_08_51_52_seed4,700000,Hopper-v5,4
1351.89,705000,2897.53,141,,,logs/Hopper-v5/exp-16/sqil/2025_01_12_08_51_52_seed4,705000,Hopper-v5,4
1181.92,710000,2986.49,142,,,logs/Hopper-v5/exp-16/sqil/2025_01_12_08_51_52_seed4,710000,Hopper-v5,4
1118.38,715000,1343.21,143,,,logs/Hopper-v5/exp-16/sqil/2025_01_12_08_51_52_seed4,715000,Hopper-v5,4
1034.31,720000,1123.32,144,,,logs/Hopper-v5/exp-16/sqil/2025_01_12_08_51_52_seed4,720000,Hopper-v5,4
1497.35,725000,3363.52,145,,,logs/Hopper-v5/exp-16/sqil/2025_01_12_08_51_52_seed4,725000,Hopper-v5,4
1351.97,730000,3332.58,146,,,logs/Hopper-v5/exp-16/sqil/2025_01_12_08_51_52_seed4,730000,Hopper-v5,4
1028.56,735000,1331.67,147,,,logs/Hopper-v5/exp-16/sqil/2025_01_12_08_51_52_seed4,735000,Hopper-v5,4
1182.21,740000,1254.91,148,,,logs/Hopper-v5/exp-16/sqil/2025_01_12_08_51_52_seed4,740000,Hopper-v5,4
1169.84,745000,1917.3,149,,,logs/Hopper-v5/exp-16/sqil/2025_01_12_08_51_52_seed4,745000,Hopper-v5,4
1207.87,750000,1688.05,150,,,logs/Hopper-v5/exp-16/sqil/2025_01_12_08_51_52_seed4,750000,Hopper-v5,4
945.78,755000,2684.12,151,,,logs/Hopper-v5/exp-16/sqil/2025_01_12_08_51_52_seed4,755000,Hopper-v5,4
1366.13,760000,3372.99,152,,,logs/Hopper-v5/exp-16/sqil/2025_01_12_08_51_52_seed4,760000,Hopper-v5,4
1404.65,765000,3259.63,153,,,logs/Hopper-v5/exp-16/sqil/2025_01_12_08_51_52_seed4,765000,Hopper-v5,4
1401.4,770000,3307.9,154,,,logs/Hopper-v5/exp-16/sqil/2025_01_12_08_51_52_seed4,770000,Hopper-v5,4
1215.93,775000,1378.71,155,,,logs/Hopper-v5/exp-16/sqil/2025_01_12_08_51_52_seed4,775000,Hopper-v5,4
1282.18,780000,3355.41,156,,,logs/Hopper-v5/exp-16/sqil/2025_01_12_08_51_52_seed4,780000,Hopper-v5,4
1229.43,785000,1785.7,157,,,logs/Hopper-v5/exp-16/sqil/2025_01_12_08_51_52_seed4,785000,Hopper-v5,4
1009.8,790000,1217.62,158,,,logs/Hopper-v5/exp-16/sqil/2025_01_12_08_51_52_seed4,790000,Hopper-v5,4
1412.34,795000,3347.25,159,,,logs/Hopper-v5/exp-16/sqil/2025_01_12_08_51_52_seed4,795000,Hopper-v5,4
1095.63,800000,1321.81,160,,,logs/Hopper-v5/exp-16/sqil/2025_01_12_08_51_52_seed4,800000,Hopper-v5,4
1327.6,805000,3307.43,161,,,logs/Hopper-v5/exp-16/sqil/2025_01_12_08_51_52_seed4,805000,Hopper-v5,4
1334.25,810000,3357.87,162,,,logs/Hopper-v5/exp-16/sqil/2025_01_12_08_51_52_seed4,810000,Hopper-v5,4
1297.17,815000,3412.56,163,,,logs/Hopper-v5/exp-16/sqil/2025_01_12_08_51_52_seed4,815000,Hopper-v5,4
1144.01,820000,3225.5,164,,,logs/Hopper-v5/exp-16/sqil/2025_01_12_08_51_52_seed4,820000,Hopper-v5,4
1228.59,825000,3298.67,165,,,logs/Hopper-v5/exp-16/sqil/2025_01_12_08_51_52_seed4,825000,Hopper-v5,4
1210.11,830000,3285.31,166,,,logs/Hopper-v5/exp-16/sqil/2025_01_12_08_51_52_seed4,830000,Hopper-v5,4
2003.92,835000,3301.53,167,,,logs/Hopper-v5/exp-16/sqil/2025_01_12_08_51_52_seed4,835000,Hopper-v5,4
1242.15,840000,3377.89,168,,,logs/Hopper-v5/exp-16/sqil/2025_01_12_08_51_52_seed4,840000,Hopper-v5,4
1183.42,845000,3337.91,169,,,logs/Hopper-v5/exp-16/sqil/2025_01_12_08_51_52_seed4,845000,Hopper-v5,4
1290.17,850000,3384.51,170,,,logs/Hopper-v5/exp-16/sqil/2025_01_12_08_51_52_seed4,850000,Hopper-v5,4
1308.76,855000,3354.45,171,,,logs/Hopper-v5/exp-16/sqil/2025_01_12_08_51_52_seed4,855000,Hopper-v5,4
1474.59,860000,3407.98,172,,,logs/Hopper-v5/exp-16/sqil/2025_01_12_08_51_52_seed4,860000,Hopper-v5,4
1242.93,865000,3334.97,173,,,logs/Hopper-v5/exp-16/sqil/2025_01_12_08_51_52_seed4,865000,Hopper-v5,4
1403.99,870000,3313.59,174,,,logs/Hopper-v5/exp-16/sqil/2025_01_12_08_51_52_seed4,870000,Hopper-v5,4
1190.19,875000,2825.99,175,,,logs/Hopper-v5/exp-16/sqil/2025_01_12_08_51_52_seed4,875000,Hopper-v5,4
1222.62,880000,3339.73,176,,,logs/Hopper-v5/exp-16/sqil/2025_01_12_08_51_52_seed4,880000,Hopper-v5,4
1080.88,885000,2224.83,177,,,logs/Hopper-v5/exp-16/sqil/2025_01_12_08_51_52_seed4,885000,Hopper-v5,4
1471.88,890000,2692.7,178,,,logs/Hopper-v5/exp-16/sqil/2025_01_12_08_51_52_seed4,890000,Hopper-v5,4
1579.41,895000,3351.47,179,,,logs/Hopper-v5/exp-16/sqil/2025_01_12_08_51_52_seed4,895000,Hopper-v5,4
2082.35,900000,3377.36,180,,,logs/Hopper-v5/exp-16/sqil/2025_01_12_08_51_52_seed4,900000,Hopper-v5,4
973.73,905000,1912.25,181,,,logs/Hopper-v5/exp-16/sqil/2025_01_12_08_51_52_seed4,905000,Hopper-v5,4
1248.69,910000,3390.96,182,,,logs/Hopper-v5/exp-16/sqil/2025_01_12_08_51_52_seed4,910000,Hopper-v5,4
1163.3,915000,3286.98,183,,,logs/Hopper-v5/exp-16/sqil/2025_01_12_08_51_52_seed4,915000,Hopper-v5,4
1338.88,920000,3410.33,184,,,logs/Hopper-v5/exp-16/sqil/2025_01_12_08_51_52_seed4,920000,Hopper-v5,4
1383.45,925000,3374.19,185,,,logs/Hopper-v5/exp-16/sqil/2025_01_12_08_51_52_seed4,925000,Hopper-v5,4
1329.56,930000,3375.85,186,,,logs/Hopper-v5/exp-16/sqil/2025_01_12_08_51_52_seed4,930000,Hopper-v5,4
1055.16,935000,1448.33,187,,,logs/Hopper-v5/exp-16/sqil/2025_01_12_08_51_52_seed4,935000,Hopper-v5,4
1344.16,940000,3406.97,188,,,logs/Hopper-v5/exp-16/sqil/2025_01_12_08_51_52_seed4,940000,Hopper-v5,4
1399.74,945000,3340.07,189,,,logs/Hopper-v5/exp-16/sqil/2025_01_12_08_51_52_seed4,945000,Hopper-v5,4
1650.79,950000,3378.85,190,,,logs/Hopper-v5/exp-16/sqil/2025_01_12_08_51_52_seed4,950000,Hopper-v5,4
1356.87,955000,3360.37,191,,,logs/Hopper-v5/exp-16/sqil/2025_01_12_08_51_52_seed4,955000,Hopper-v5,4
1481.09,960000,3398.37,192,,,logs/Hopper-v5/exp-16/sqil/2025_01_12_08_51_52_seed4,960000,Hopper-v5,4
1860.04,965000,3392.37,193,,,logs/Hopper-v5/exp-16/sqil/2025_01_12_08_51_52_seed4,965000,Hopper-v5,4
1259.08,970000,3386.9,194,,,logs/Hopper-v5/exp-16/sqil/2025_01_12_08_51_52_seed4,970000,Hopper-v5,4
1277.48,975000,3388.11,195,,,logs/Hopper-v5/exp-16/sqil/2025_01_12_08_51_52_seed4,975000,Hopper-v5,4
1447.7,980000,3376.72,196,,,logs/Hopper-v5/exp-16/sqil/2025_01_12_08_51_52_seed4,980000,Hopper-v5,4
1305.35,985000,3400.23,197,,,logs/Hopper-v5/exp-16/sqil/2025_01_12_08_51_52_seed4,985000,Hopper-v5,4
1181.97,990000,3385.64,198,,,logs/Hopper-v5/exp-16/sqil/2025_01_12_08_51_52_seed4,990000,Hopper-v5,4
1422.62,995000,3359.26,199,,,logs/Hopper-v5/exp-16/sqil/2025_01_12_08_51_52_seed4,995000,Hopper-v5,4
191.55,0,189.37,0,,,logs/Hopper-v5/exp-16/sqil/2025_01_12_08_51_50_seed3,0,Hopper-v5,3
265.38,5000,274.81,1,,,logs/Hopper-v5/exp-16/sqil/2025_01_12_08_51_50_seed3,5000,Hopper-v5,3
336.51,10000,350.39,2,,,logs/Hopper-v5/exp-16/sqil/2025_01_12_08_51_50_seed3,10000,Hopper-v5,3
253.12,15000,251.84,3,,,logs/Hopper-v5/exp-16/sqil/2025_01_12_08_51_50_seed3,15000,Hopper-v5,3
303.76,20000,296.99,4,,,logs/Hopper-v5/exp-16/sqil/2025_01_12_08_51_50_seed3,20000,Hopper-v5,3
390.13,25000,405.87,5,,,logs/Hopper-v5/exp-16/sqil/2025_01_12_08_51_50_seed3,25000,Hopper-v5,3
495.35,30000,483.22,6,,,logs/Hopper-v5/exp-16/sqil/2025_01_12_08_51_50_seed3,30000,Hopper-v5,3
881.19,35000,632.33,7,,,logs/Hopper-v5/exp-16/sqil/2025_01_12_08_51_50_seed3,35000,Hopper-v5,3
366.58,40000,392.72,8,,,logs/Hopper-v5/exp-16/sqil/2025_01_12_08_51_50_seed3,40000,Hopper-v5,3
523.16,45000,571.26,9,,,logs/Hopper-v5/exp-16/sqil/2025_01_12_08_51_50_seed3,45000,Hopper-v5,3
523.29,50000,510.31,10,,,logs/Hopper-v5/exp-16/sqil/2025_01_12_08_51_50_seed3,50000,Hopper-v5,3
644.72,55000,942.85,11,,,logs/Hopper-v5/exp-16/sqil/2025_01_12_08_51_50_seed3,55000,Hopper-v5,3
1036.58,60000,2416.22,12,,,logs/Hopper-v5/exp-16/sqil/2025_01_12_08_51_50_seed3,60000,Hopper-v5,3
653.29,65000,596.98,13,,,logs/Hopper-v5/exp-16/sqil/2025_01_12_08_51_50_seed3,65000,Hopper-v5,3
487.99,70000,439.77,14,,,logs/Hopper-v5/exp-16/sqil/2025_01_12_08_51_50_seed3,70000,Hopper-v5,3
700.37,75000,702.02,15,,,logs/Hopper-v5/exp-16/sqil/2025_01_12_08_51_50_seed3,75000,Hopper-v5,3
700.64,80000,723.29,16,,,logs/Hopper-v5/exp-16/sqil/2025_01_12_08_51_50_seed3,80000,Hopper-v5,3
885.36,85000,1272.25,17,,,logs/Hopper-v5/exp-16/sqil/2025_01_12_08_51_50_seed3,85000,Hopper-v5,3
1615.26,90000,2607.8,18,,,logs/Hopper-v5/exp-16/sqil/2025_01_12_08_51_50_seed3,90000,Hopper-v5,3
1018.34,95000,914.43,19,,,logs/Hopper-v5/exp-16/sqil/2025_01_12_08_51_50_seed3,95000,Hopper-v5,3
922.1,100000,1120.33,20,,,logs/Hopper-v5/exp-16/sqil/2025_01_12_08_51_50_seed3,100000,Hopper-v5,3
1162.89,105000,1375.37,21,,,logs/Hopper-v5/exp-16/sqil/2025_01_12_08_51_50_seed3,105000,Hopper-v5,3
903.66,110000,1054.3,22,,,logs/Hopper-v5/exp-16/sqil/2025_01_12_08_51_50_seed3,110000,Hopper-v5,3
1119.65,115000,1791.24,23,,,logs/Hopper-v5/exp-16/sqil/2025_01_12_08_51_50_seed3,115000,Hopper-v5,3
803.98,120000,914.82,24,,,logs/Hopper-v5/exp-16/sqil/2025_01_12_08_51_50_seed3,120000,Hopper-v5,3
835.6,125000,840.06,25,,,logs/Hopper-v5/exp-16/sqil/2025_01_12_08_51_50_seed3,125000,Hopper-v5,3
742.18,130000,759.65,26,,,logs/Hopper-v5/exp-16/sqil/2025_01_12_08_51_50_seed3,130000,Hopper-v5,3
706.68,135000,661.44,27,,,logs/Hopper-v5/exp-16/sqil/2025_01_12_08_51_50_seed3,135000,Hopper-v5,3
860.57,140000,885.09,28,,,logs/Hopper-v5/exp-16/sqil/2025_01_12_08_51_50_seed3,140000,Hopper-v5,3
1030.83,145000,3109.71,29,,,logs/Hopper-v5/exp-16/sqil/2025_01_12_08_51_50_seed3,145000,Hopper-v5,3
783.46,150000,826.95,30,,,logs/Hopper-v5/exp-16/sqil/2025_01_12_08_51_50_seed3,150000,Hopper-v5,3
721.64,155000,867.43,31,,,logs/Hopper-v5/exp-16/sqil/2025_01_12_08_51_50_seed3,155000,Hopper-v5,3
724.87,160000,837.81,32,,,logs/Hopper-v5/exp-16/sqil/2025_01_12_08_51_50_seed3,160000,Hopper-v5,3
944.89,165000,1058.24,33,,,logs/Hopper-v5/exp-16/sqil/2025_01_12_08_51_50_seed3,165000,Hopper-v5,3
1024.04,170000,1076.37,34,,,logs/Hopper-v5/exp-16/sqil/2025_01_12_08_51_50_seed3,170000,Hopper-v5,3
936.7,175000,1071.17,35,,,logs/Hopper-v5/exp-16/sqil/2025_01_12_08_51_50_seed3,175000,Hopper-v5,3
731.3,180000,813.37,36,,,logs/Hopper-v5/exp-16/sqil/2025_01_12_08_51_50_seed3,180000,Hopper-v5,3
843.75,185000,891.39,37,,,logs/Hopper-v5/exp-16/sqil/2025_01_12_08_51_50_seed3,185000,Hopper-v5,3
1128.71,190000,1601.84,38,,,logs/Hopper-v5/exp-16/sqil/2025_01_12_08_51_50_seed3,190000,Hopper-v5,3
1006.94,195000,1690.32,39,,,logs/Hopper-v5/exp-16/sqil/2025_01_12_08_51_50_seed3,195000,Hopper-v5,3
1383.21,200000,3189.69,40,,,logs/Hopper-v5/exp-16/sqil/2025_01_12_08_51_50_seed3,200000,Hopper-v5,3
758.92,205000,860.71,41,,,logs/Hopper-v5/exp-16/sqil/2025_01_12_08_51_50_seed3,205000,Hopper-v5,3
966.02,210000,972.08,42,,,logs/Hopper-v5/exp-16/sqil/2025_01_12_08_51_50_seed3,210000,Hopper-v5,3
977.57,215000,934.82,43,,,logs/Hopper-v5/exp-16/sqil/2025_01_12_08_51_50_seed3,215000,Hopper-v5,3
1020.52,220000,3240.91,44,,,logs/Hopper-v5/exp-16/sqil/2025_01_12_08_51_50_seed3,220000,Hopper-v5,3
824.45,225000,879.89,45,,,logs/Hopper-v5/exp-16/sqil/2025_01_12_08_51_50_seed3,225000,Hopper-v5,3
824.0,230000,904.75,46,,,logs/Hopper-v5/exp-16/sqil/2025_01_12_08_51_50_seed3,230000,Hopper-v5,3
816.7,235000,1000.38,47,,,logs/Hopper-v5/exp-16/sqil/2025_01_12_08_51_50_seed3,235000,Hopper-v5,3
974.51,240000,1303.6,48,,,logs/Hopper-v5/exp-16/sqil/2025_01_12_08_51_50_seed3,240000,Hopper-v5,3
840.61,245000,978.92,49,,,logs/Hopper-v5/exp-16/sqil/2025_01_12_08_51_50_seed3,245000,Hopper-v5,3
872.61,250000,1226.39,50,,,logs/Hopper-v5/exp-16/sqil/2025_01_12_08_51_50_seed3,250000,Hopper-v5,3
735.0,255000,899.67,51,,,logs/Hopper-v5/exp-16/sqil/2025_01_12_08_51_50_seed3,255000,Hopper-v5,3
880.88,260000,894.57,52,,,logs/Hopper-v5/exp-16/sqil/2025_01_12_08_51_50_seed3,260000,Hopper-v5,3
917.04,265000,972.57,53,,,logs/Hopper-v5/exp-16/sqil/2025_01_12_08_51_50_seed3,265000,Hopper-v5,3
395.38,270000,347.35,54,,,logs/Hopper-v5/exp-16/sqil/2025_01_12_08_51_50_seed3,270000,Hopper-v5,3
941.59,275000,1117.94,55,,,logs/Hopper-v5/exp-16/sqil/2025_01_12_08_51_50_seed3,275000,Hopper-v5,3
831.5,280000,1841.72,56,,,logs/Hopper-v5/exp-16/sqil/2025_01_12_08_51_50_seed3,280000,Hopper-v5,3
708.84,285000,661.14,57,,,logs/Hopper-v5/exp-16/sqil/2025_01_12_08_51_50_seed3,285000,Hopper-v5,3
787.56,290000,818.85,58,,,logs/Hopper-v5/exp-16/sqil/2025_01_12_08_51_50_seed3,290000,Hopper-v5,3
784.59,295000,905.9,59,,,logs/Hopper-v5/exp-16/sqil/2025_01_12_08_51_50_seed3,295000,Hopper-v5,3
723.45,300000,861.86,60,,,logs/Hopper-v5/exp-16/sqil/2025_01_12_08_51_50_seed3,300000,Hopper-v5,3
771.25,305000,932.69,61,,,logs/Hopper-v5/exp-16/sqil/2025_01_12_08_51_50_seed3,305000,Hopper-v5,3
842.7,310000,901.48,62,,,logs/Hopper-v5/exp-16/sqil/2025_01_12_08_51_50_seed3,310000,Hopper-v5,3
959.84,315000,1187.64,63,,,logs/Hopper-v5/exp-16/sqil/2025_01_12_08_51_50_seed3,315000,Hopper-v5,3
809.61,320000,846.98,64,,,logs/Hopper-v5/exp-16/sqil/2025_01_12_08_51_50_seed3,320000,Hopper-v5,3
664.7,325000,737.87,65,,,logs/Hopper-v5/exp-16/sqil/2025_01_12_08_51_50_seed3,325000,Hopper-v5,3
840.87,330000,901.28,66,,,logs/Hopper-v5/exp-16/sqil/2025_01_12_08_51_50_seed3,330000,Hopper-v5,3
982.11,335000,1024.03,67,,,logs/Hopper-v5/exp-16/sqil/2025_01_12_08_51_50_seed3,335000,Hopper-v5,3
1115.35,340000,3347.67,68,,,logs/Hopper-v5/exp-16/sqil/2025_01_12_08_51_50_seed3,340000,Hopper-v5,3
935.25,345000,2196.47,69,,,logs/Hopper-v5/exp-16/sqil/2025_01_12_08_51_50_seed3,345000,Hopper-v5,3
936.21,350000,1053.29,70,,,logs/Hopper-v5/exp-16/sqil/2025_01_12_08_51_50_seed3,350000,Hopper-v5,3
955.61,355000,1224.22,71,,,logs/Hopper-v5/exp-16/sqil/2025_01_12_08_51_50_seed3,355000,Hopper-v5,3
948.64,360000,1070.34,72,,,logs/Hopper-v5/exp-16/sqil/2025_01_12_08_51_50_seed3,360000,Hopper-v5,3
846.99,365000,927.63,73,,,logs/Hopper-v5/exp-16/sqil/2025_01_12_08_51_50_seed3,365000,Hopper-v5,3
978.2,370000,1928.07,74,,,logs/Hopper-v5/exp-16/sqil/2025_01_12_08_51_50_seed3,370000,Hopper-v5,3
1043.99,375000,1687.53,75,,,logs/Hopper-v5/exp-16/sqil/2025_01_12_08_51_50_seed3,375000,Hopper-v5,3
933.16,380000,1320.64,76,,,logs/Hopper-v5/exp-16/sqil/2025_01_12_08_51_50_seed3,380000,Hopper-v5,3
916.6,385000,1274.08,77,,,logs/Hopper-v5/exp-16/sqil/2025_01_12_08_51_50_seed3,385000,Hopper-v5,3
952.29,390000,1814.88,78,,,logs/Hopper-v5/exp-16/sqil/2025_01_12_08_51_50_seed3,390000,Hopper-v5,3
793.16,395000,994.49,79,,,logs/Hopper-v5/exp-16/sqil/2025_01_12_08_51_50_seed3,395000,Hopper-v5,3
973.68,400000,1015.28,80,,,logs/Hopper-v5/exp-16/sqil/2025_01_12_08_51_50_seed3,400000,Hopper-v5,3
943.84,405000,1103.88,81,,,logs/Hopper-v5/exp-16/sqil/2025_01_12_08_51_50_seed3,405000,Hopper-v5,3
873.61,410000,1161.91,82,,,logs/Hopper-v5/exp-16/sqil/2025_01_12_08_51_50_seed3,410000,Hopper-v5,3
799.29,415000,891.42,83,,,logs/Hopper-v5/exp-16/sqil/2025_01_12_08_51_50_seed3,415000,Hopper-v5,3
1341.6,420000,2042.7,84,,,logs/Hopper-v5/exp-16/sqil/2025_01_12_08_51_50_seed3,420000,Hopper-v5,3
1053.31,425000,3393.41,85,,,logs/Hopper-v5/exp-16/sqil/2025_01_12_08_51_50_seed3,425000,Hopper-v5,3
1090.94,430000,2236.34,86,,,logs/Hopper-v5/exp-16/sqil/2025_01_12_08_51_50_seed3,430000,Hopper-v5,3
818.41,435000,1026.81,87,,,logs/Hopper-v5/exp-16/sqil/2025_01_12_08_51_50_seed3,435000,Hopper-v5,3
996.86,440000,3160.31,88,,,logs/Hopper-v5/exp-16/sqil/2025_01_12_08_51_50_seed3,440000,Hopper-v5,3
962.82,445000,1178.86,89,,,logs/Hopper-v5/exp-16/sqil/2025_01_12_08_51_50_seed3,445000,Hopper-v5,3
926.87,450000,1139.55,90,,,logs/Hopper-v5/exp-16/sqil/2025_01_12_08_51_50_seed3,450000,Hopper-v5,3
924.46,455000,1375.93,91,,,logs/Hopper-v5/exp-16/sqil/2025_01_12_08_51_50_seed3,455000,Hopper-v5,3
950.29,460000,1062.48,92,,,logs/Hopper-v5/exp-16/sqil/2025_01_12_08_51_50_seed3,460000,Hopper-v5,3
871.98,465000,1303.97,93,,,logs/Hopper-v5/exp-16/sqil/2025_01_12_08_51_50_seed3,465000,Hopper-v5,3
828.31,470000,1027.16,94,,,logs/Hopper-v5/exp-16/sqil/2025_01_12_08_51_50_seed3,470000,Hopper-v5,3
867.66,475000,1155.09,95,,,logs/Hopper-v5/exp-16/sqil/2025_01_12_08_51_50_seed3,475000,Hopper-v5,3
1257.64,480000,3390.14,96,,,logs/Hopper-v5/exp-16/sqil/2025_01_12_08_51_50_seed3,480000,Hopper-v5,3
564.34,485000,627.26,97,,,logs/Hopper-v5/exp-16/sqil/2025_01_12_08_51_50_seed3,485000,Hopper-v5,3
967.16,490000,1166.96,98,,,logs/Hopper-v5/exp-16/sqil/2025_01_12_08_51_50_seed3,490000,Hopper-v5,3
1111.17,495000,2704.82,99,,,logs/Hopper-v5/exp-16/sqil/2025_01_12_08_51_50_seed3,495000,Hopper-v5,3
1042.85,500000,1254.67,100,,,logs/Hopper-v5/exp-16/sqil/2025_01_12_08_51_50_seed3,500000,Hopper-v5,3
925.06,505000,1613.48,101,,,logs/Hopper-v5/exp-16/sqil/2025_01_12_08_51_50_seed3,505000,Hopper-v5,3
1053.99,510000,3291.79,102,,,logs/Hopper-v5/exp-16/sqil/2025_01_12_08_51_50_seed3,510000,Hopper-v5,3
1046.37,515000,1346.12,103,,,logs/Hopper-v5/exp-16/sqil/2025_01_12_08_51_50_seed3,515000,Hopper-v5,3
927.91,520000,1128.01,104,,,logs/Hopper-v5/exp-16/sqil/2025_01_12_08_51_50_seed3,520000,Hopper-v5,3
461.66,525000,345.15,105,,,logs/Hopper-v5/exp-16/sqil/2025_01_12_08_51_50_seed3,525000,Hopper-v5,3
991.66,530000,3239.79,106,,,logs/Hopper-v5/exp-16/sqil/2025_01_12_08_51_50_seed3,530000,Hopper-v5,3
887.76,535000,1002.86,107,,,logs/Hopper-v5/exp-16/sqil/2025_01_12_08_51_50_seed3,535000,Hopper-v5,3
924.05,540000,970.79,108,,,logs/Hopper-v5/exp-16/sqil/2025_01_12_08_51_50_seed3,540000,Hopper-v5,3
972.11,545000,1094.28,109,,,logs/Hopper-v5/exp-16/sqil/2025_01_12_08_51_50_seed3,545000,Hopper-v5,3
840.52,550000,1050.58,110,,,logs/Hopper-v5/exp-16/sqil/2025_01_12_08_51_50_seed3,550000,Hopper-v5,3
942.35,555000,981.65,111,,,logs/Hopper-v5/exp-16/sqil/2025_01_12_08_51_50_seed3,555000,Hopper-v5,3
965.42,560000,1232.11,112,,,logs/Hopper-v5/exp-16/sqil/2025_01_12_08_51_50_seed3,560000,Hopper-v5,3
910.45,565000,980.67,113,,,logs/Hopper-v5/exp-16/sqil/2025_01_12_08_51_50_seed3,565000,Hopper-v5,3
907.19,570000,1077.8,114,,,logs/Hopper-v5/exp-16/sqil/2025_01_12_08_51_50_seed3,570000,Hopper-v5,3
933.13,575000,932.64,115,,,logs/Hopper-v5/exp-16/sqil/2025_01_12_08_51_50_seed3,575000,Hopper-v5,3
908.44,580000,948.5,116,,,logs/Hopper-v5/exp-16/sqil/2025_01_12_08_51_50_seed3,580000,Hopper-v5,3
982.0,585000,1155.48,117,,,logs/Hopper-v5/exp-16/sqil/2025_01_12_08_51_50_seed3,585000,Hopper-v5,3
1352.95,590000,908.23,118,,,logs/Hopper-v5/exp-16/sqil/2025_01_12_08_51_50_seed3,590000,Hopper-v5,3
889.41,595000,1195.98,119,,,logs/Hopper-v5/exp-16/sqil/2025_01_12_08_51_50_seed3,595000,Hopper-v5,3
1011.96,600000,1946.64,120,,,logs/Hopper-v5/exp-16/sqil/2025_01_12_08_51_50_seed3,600000,Hopper-v5,3
1092.66,605000,2109.41,121,,,logs/Hopper-v5/exp-16/sqil/2025_01_12_08_51_50_seed3,605000,Hopper-v5,3
925.34,610000,1863.45,122,,,logs/Hopper-v5/exp-16/sqil/2025_01_12_08_51_50_seed3,610000,Hopper-v5,3
963.54,615000,1167.08,123,,,logs/Hopper-v5/exp-16/sqil/2025_01_12_08_51_50_seed3,615000,Hopper-v5,3
990.85,620000,1277.68,124,,,logs/Hopper-v5/exp-16/sqil/2025_01_12_08_51_50_seed3,620000,Hopper-v5,3
889.02,625000,1098.97,125,,,logs/Hopper-v5/exp-16/sqil/2025_01_12_08_51_50_seed3,625000,Hopper-v5,3
1039.02,630000,3310.97,126,,,logs/Hopper-v5/exp-16/sqil/2025_01_12_08_51_50_seed3,630000,Hopper-v5,3
1050.73,635000,2596.18,127,,,logs/Hopper-v5/exp-16/sqil/2025_01_12_08_51_50_seed3,635000,Hopper-v5,3
1401.49,640000,3341.46,128,,,logs/Hopper-v5/exp-16/sqil/2025_01_12_08_51_50_seed3,640000,Hopper-v5,3
995.25,645000,1212.91,129,,,logs/Hopper-v5/exp-16/sqil/2025_01_12_08_51_50_seed3,645000,Hopper-v5,3
1232.05,650000,3237.76,130,,,logs/Hopper-v5/exp-16/sqil/2025_01_12_08_51_50_seed3,650000,Hopper-v5,3
1704.55,655000,3118.91,131,,,logs/Hopper-v5/exp-16/sqil/2025_01_12_08_51_50_seed3,655000,Hopper-v5,3
984.53,660000,2323.55,132,,,logs/Hopper-v5/exp-16/sqil/2025_01_12_08_51_50_seed3,660000,Hopper-v5,3
1182.9,665000,2899.07,133,,,logs/Hopper-v5/exp-16/sqil/2025_01_12_08_51_50_seed3,665000,Hopper-v5,3
1032.35,670000,2978.94,134,,,logs/Hopper-v5/exp-16/sqil/2025_01_12_08_51_50_seed3,670000,Hopper-v5,3
1244.52,675000,3081.24,135,,,logs/Hopper-v5/exp-16/sqil/2025_01_12_08_51_50_seed3,675000,Hopper-v5,3
1033.82,680000,1006.74,136,,,logs/Hopper-v5/exp-16/sqil/2025_01_12_08_51_50_seed3,680000,Hopper-v5,3
948.84,685000,436.15,137,,,logs/Hopper-v5/exp-16/sqil/2025_01_12_08_51_50_seed3,685000,Hopper-v5,3
1126.83,690000,3319.21,138,,,logs/Hopper-v5/exp-16/sqil/2025_01_12_08_51_50_seed3,690000,Hopper-v5,3
932.08,695000,1654.99,139,,,logs/Hopper-v5/exp-16/sqil/2025_01_12_08_51_50_seed3,695000,Hopper-v5,3
975.19,700000,2939.45,140,,,logs/Hopper-v5/exp-16/sqil/2025_01_12_08_51_50_seed3,700000,Hopper-v5,3
1010.46,705000,3347.61,141,,,logs/Hopper-v5/exp-16/sqil/2025_01_12_08_51_50_seed3,705000,Hopper-v5,3
1087.36,710000,1122.96,142,,,logs/Hopper-v5/exp-16/sqil/2025_01_12_08_51_50_seed3,710000,Hopper-v5,3
1010.4,715000,963.41,143,,,logs/Hopper-v5/exp-16/sqil/2025_01_12_08_51_50_seed3,715000,Hopper-v5,3
904.81,720000,1126.04,144,,,logs/Hopper-v5/exp-16/sqil/2025_01_12_08_51_50_seed3,720000,Hopper-v5,3
982.44,725000,1100.23,145,,,logs/Hopper-v5/exp-16/sqil/2025_01_12_08_51_50_seed3,725000,Hopper-v5,3
871.57,730000,1142.26,146,,,logs/Hopper-v5/exp-16/sqil/2025_01_12_08_51_50_seed3,730000,Hopper-v5,3
962.54,735000,1292.49,147,,,logs/Hopper-v5/exp-16/sqil/2025_01_12_08_51_50_seed3,735000,Hopper-v5,3
853.14,740000,1009.49,148,,,logs/Hopper-v5/exp-16/sqil/2025_01_12_08_51_50_seed3,740000,Hopper-v5,3
1129.04,745000,3423.9,149,,,logs/Hopper-v5/exp-16/sqil/2025_01_12_08_51_50_seed3,745000,Hopper-v5,3
1252.88,750000,3457.05,150,,,logs/Hopper-v5/exp-16/sqil/2025_01_12_08_51_50_seed3,750000,Hopper-v5,3
1037.9,755000,3226.57,151,,,logs/Hopper-v5/exp-16/sqil/2025_01_12_08_51_50_seed3,755000,Hopper-v5,3
1105.8,760000,3367.36,152,,,logs/Hopper-v5/exp-16/sqil/2025_01_12_08_51_50_seed3,760000,Hopper-v5,3
1032.83,765000,1203.13,153,,,logs/Hopper-v5/exp-16/sqil/2025_01_12_08_51_50_seed3,765000,Hopper-v5,3
1108.79,770000,1196.34,154,,,logs/Hopper-v5/exp-16/sqil/2025_01_12_08_51_50_seed3,770000,Hopper-v5,3
908.87,775000,3041.24,155,,,logs/Hopper-v5/exp-16/sqil/2025_01_12_08_51_50_seed3,775000,Hopper-v5,3
1053.57,780000,1020.29,156,,,logs/Hopper-v5/exp-16/sqil/2025_01_12_08_51_50_seed3,780000,Hopper-v5,3
1017.43,785000,2220.06,157,,,logs/Hopper-v5/exp-16/sqil/2025_01_12_08_51_50_seed3,785000,Hopper-v5,3
1045.63,790000,3446.96,158,,,logs/Hopper-v5/exp-16/sqil/2025_01_12_08_51_50_seed3,790000,Hopper-v5,3
990.33,795000,1380.0,159,,,logs/Hopper-v5/exp-16/sqil/2025_01_12_08_51_50_seed3,795000,Hopper-v5,3
1076.49,800000,3423.83,160,,,logs/Hopper-v5/exp-16/sqil/2025_01_12_08_51_50_seed3,800000,Hopper-v5,3
942.35,805000,1188.02,161,,,logs/Hopper-v5/exp-16/sqil/2025_01_12_08_51_50_seed3,805000,Hopper-v5,3
861.45,810000,1163.03,162,,,logs/Hopper-v5/exp-16/sqil/2025_01_12_08_51_50_seed3,810000,Hopper-v5,3
950.31,815000,3448.3,163,,,logs/Hopper-v5/exp-16/sqil/2025_01_12_08_51_50_seed3,815000,Hopper-v5,3
886.54,820000,1105.41,164,,,logs/Hopper-v5/exp-16/sqil/2025_01_12_08_51_50_seed3,820000,Hopper-v5,3
907.53,825000,1574.28,165,,,logs/Hopper-v5/exp-16/sqil/2025_01_12_08_51_50_seed3,825000,Hopper-v5,3
1220.2,830000,3039.74,166,,,logs/Hopper-v5/exp-16/sqil/2025_01_12_08_51_50_seed3,830000,Hopper-v5,3
1331.55,835000,3041.75,167,,,logs/Hopper-v5/exp-16/sqil/2025_01_12_08_51_50_seed3,835000,Hopper-v5,3
933.62,840000,1171.05,168,,,logs/Hopper-v5/exp-16/sqil/2025_01_12_08_51_50_seed3,840000,Hopper-v5,3
909.87,845000,1160.1,169,,,logs/Hopper-v5/exp-16/sqil/2025_01_12_08_51_50_seed3,845000,Hopper-v5,3
1077.62,850000,3403.97,170,,,logs/Hopper-v5/exp-16/sqil/2025_01_12_08_51_50_seed3,850000,Hopper-v5,3
965.6,855000,1321.35,171,,,logs/Hopper-v5/exp-16/sqil/2025_01_12_08_51_50_seed3,855000,Hopper-v5,3
857.31,860000,1059.17,172,,,logs/Hopper-v5/exp-16/sqil/2025_01_12_08_51_50_seed3,860000,Hopper-v5,3
929.31,865000,1214.46,173,,,logs/Hopper-v5/exp-16/sqil/2025_01_12_08_51_50_seed3,865000,Hopper-v5,3
1047.85,870000,3406.61,174,,,logs/Hopper-v5/exp-16/sqil/2025_01_12_08_51_50_seed3,870000,Hopper-v5,3
953.09,875000,1272.03,175,,,logs/Hopper-v5/exp-16/sqil/2025_01_12_08_51_50_seed3,875000,Hopper-v5,3
1133.5,880000,3428.48,176,,,logs/Hopper-v5/exp-16/sqil/2025_01_12_08_51_50_seed3,880000,Hopper-v5,3
1524.44,885000,3442.52,177,,,logs/Hopper-v5/exp-16/sqil/2025_01_12_08_51_50_seed3,885000,Hopper-v5,3
1368.55,890000,3428.59,178,,,logs/Hopper-v5/exp-16/sqil/2025_01_12_08_51_50_seed3,890000,Hopper-v5,3
1145.63,895000,3475.44,179,,,logs/Hopper-v5/exp-16/sqil/2025_01_12_08_51_50_seed3,895000,Hopper-v5,3
1334.06,900000,3338.74,180,,,logs/Hopper-v5/exp-16/sqil/2025_01_12_08_51_50_seed3,900000,Hopper-v5,3
975.01,905000,3174.26,181,,,logs/Hopper-v5/exp-16/sqil/2025_01_12_08_51_50_seed3,905000,Hopper-v5,3
1559.58,910000,3446.83,182,,,logs/Hopper-v5/exp-16/sqil/2025_01_12_08_51_50_seed3,910000,Hopper-v5,3
1050.15,915000,3450.01,183,,,logs/Hopper-v5/exp-16/sqil/2025_01_12_08_51_50_seed3,915000,Hopper-v5,3
958.11,920000,1213.8,184,,,logs/Hopper-v5/exp-16/sqil/2025_01_12_08_51_50_seed3,920000,Hopper-v5,3
1288.77,925000,3428.68,185,,,logs/Hopper-v5/exp-16/sqil/2025_01_12_08_51_50_seed3,925000,Hopper-v5,3
1169.14,930000,3421.97,186,,,logs/Hopper-v5/exp-16/sqil/2025_01_12_08_51_50_seed3,930000,Hopper-v5,3
961.58,935000,1520.96,187,,,logs/Hopper-v5/exp-16/sqil/2025_01_12_08_51_50_seed3,935000,Hopper-v5,3
1006.01,940000,3221.08,188,,,logs/Hopper-v5/exp-16/sqil/2025_01_12_08_51_50_seed3,940000,Hopper-v5,3
1017.9,945000,3411.04,189,,,logs/Hopper-v5/exp-16/sqil/2025_01_12_08_51_50_seed3,945000,Hopper-v5,3
1046.64,950000,3402.9,190,,,logs/Hopper-v5/exp-16/sqil/2025_01_12_08_51_50_seed3,950000,Hopper-v5,3
1146.45,955000,3459.48,191,,,logs/Hopper-v5/exp-16/sqil/2025_01_12_08_51_50_seed3,955000,Hopper-v5,3
910.04,960000,1212.79,192,,,logs/Hopper-v5/exp-16/sqil/2025_01_12_08_51_50_seed3,960000,Hopper-v5,3
1018.35,965000,3403.13,193,,,logs/Hopper-v5/exp-16/sqil/2025_01_12_08_51_50_seed3,965000,Hopper-v5,3
941.87,970000,1225.87,194,,,logs/Hopper-v5/exp-16/sqil/2025_01_12_08_51_50_seed3,970000,Hopper-v5,3
944.51,975000,1170.29,195,,,logs/Hopper-v5/exp-16/sqil/2025_01_12_08_51_50_seed3,975000,Hopper-v5,3
941.28,980000,1348.36,196,,,logs/Hopper-v5/exp-16/sqil/2025_01_12_08_51_50_seed3,980000,Hopper-v5,3
1049.76,985000,1461.47,197,,,logs/Hopper-v5/exp-16/sqil/2025_01_12_08_51_50_seed3,985000,Hopper-v5,3
1018.41,990000,3323.17,198,,,logs/Hopper-v5/exp-16/sqil/2025_01_12_08_51_50_seed3,990000,Hopper-v5,3
1007.53,995000,1475.69,199,,,logs/Hopper-v5/exp-16/sqil/2025_01_12_08_51_50_seed3,995000,Hopper-v5,3
